detail_id,integrated_code
435,7
443,7
4264,7
4265,7
4267,7
4268,7
4269,7
4270,7
4271,7
4272,7
4273,7
4274,7
4275,7
5071,7
5081,7
5082,7
5134,7
7297,7
462,13
1946,13
1956,13
4377,13
4478,13
186,21
382,21
510,21
518,21
519,21
523,21
525,21
526,21
527,21
530,21
532,21
533,21
538,21
545,21
546,21
550,21
2311,21
2312,21
5170,21
7407,21
7408,21
7592,21
71,22
167,22
242,22
256,22
568,22
572,22
581,22
588,22
591,22
595,22
596,22
597,22
600,22
602,22
620,22
621,22
2387,22
3324,22
3419,22
3627,22
3628,22
3629,22
3652,22
3654,22
3742,22
3743,22
3744,22
3816,22
3988,22
4312,22
4383,22
4412,22
5567,22
5896,22
6264,22
6734,22
7590,22
31,23
36,23
64,23
86,23
153,23
156,23
166,23
168,23
174,23
182,23
187,23
188,23
189,23
191,23
198,23
238,23
240,23
241,23
243,23
258,23
270,23
311,23
329,23
342,23
382,23
442,23
559,23
560,23
561,23
562,23
563,23
565,23
566,23
567,23
568,23
570,23
573,23
574,23
575,23
576,23
577,23
585,23
586,23
594,23
595,23
598,23
599,23
601,23
602,23
603,23
604,23
606,23
607,23
608,23
609,23
610,23
612,23
615,23
616,23
617,23
765,23
845,23
1152,23
1154,23
1155,23
1156,23
1181,23
1182,23
1184,23
1215,23
1312,23
1319,23
1322,23
1323,23
1324,23
1325,23
1326,23
1327,23
1357,23
1359,23
1371,23
1382,23
1392,23
1393,23
1394,23
1398,23
1401,23
1402,23
1403,23
1418,23
1471,23
1484,23
1488,23
1515,23
1523,23
1554,23
1744,23
1745,23
1756,23
1757,23
1758,23
1763,23
1947,23
2154,23
2158,23
2207,23
2208,23
2209,23
2222,23
2395,23
2409,23
2412,23
2422,23
2424,23
2426,23
2427,23
2428,23
2429,23
2601,23
2611,23
2617,23
2620,23
2624,23
2678,23
2728,23
2793,23
2818,23
2826,23
2875,23
2919,23
3315,23
3319,23
3419,23
3447,23
3481,23
3482,23
3641,23
3642,23
3643,23
3644,23
3651,23
3653,23
3662,23
3668,23
3721,23
3817,23
3821,23
3838,23
3903,23
3988,23
3989,23
4138,23
4139,23
4140,23
4313,23
4325,23
4385,23
4455,23
4647,23
4648,23
5022,23
5028,23
5037,23
5177,23
5188,23
5345,23
5454,23
5570,23
5705,23
5814,23
5815,23
5845,23
5846,23
5847,23
5848,23
5932,23
5987,23
6056,23
6084,23
6161,23
6219,23
6409,23
6413,23
6478,23
6733,23
6735,23
6736,23
6737,23
6970,23
6990,23
7120,23
7123,23
7148,23
7169,23
7176,23
7184,23
7189,23
7226,23
7227,23
7228,23
7230,23
7296,23
7347,23
7384,23
7591,23
7709,23
7751,23
7812,23
7853,23
7886,23
7967,23
7986,23
8147,23
8148,23
8192,23
8193,23
8194,23
8220,23
8231,23
8233,23
8304,23
8308,23
8719,23
8726,23
8734,23
421,24
572,24
582,24
619,24
622,24
623,24
624,24
1760,24
8669,24
8670,24
8671,24
8675,24
8684,24
8685,24
625,25
627,25
628,25
629,25
631,25
632,25
633,25
634,25
635,25
636,25
638,25
639,25
641,25
643,25
645,25
646,25
649,25
652,25
653,25
654,25
655,25
656,25
1160,25
1185,25
1329,25
1404,25
1562,25
2563,25
3448,25
3820,25
3907,25
3978,25
4266,25
4946,25
4947,25
5245,25
6422,25
6981,25
6982,25
7134,25
7135,25
8145,25
8242,25
8243,25
8244,25
8647,25
660,26
665,26
667,26
668,26
670,26
671,26
672,26
673,26
675,26
676,26
677,26
678,26
679,26
680,26
681,26
683,26
687,26
690,26
692,26
694,26
701,26
702,26
710,26
712,26
713,26
714,26
716,26
717,26
718,26
719,26
720,26
724,26
920,26
921,26
3289,26
3683,26
658,27
659,27
661,27
662,27
663,27
664,27
666,27
672,27
674,27
679,27
684,27
685,27
691,27
693,27
694,27
695,27
697,27
698,27
703,27
704,27
705,27
706,27
707,27
708,27
709,27
711,27
715,27
718,27
719,27
720,27
721,27
722,27
723,27
798,27
1082,27
1083,27
3268,27
3274,27
3281,27
3685,27
3688,27
3697,27
7575,27
8237,27
8246,27
8247,27
727,28
728,28
730,28
733,28
734,28
735,28
736,28
4666,28
4667,28
742,29
744,29
745,29
747,29
5355,29
5362,29
5363,29
5366,29
5367,29
5850,29
6255,29
398,30
749,30
751,30
752,30
753,30
757,30
758,30
1779,30
1782,30
1783,30
4976,30
5773,30
1632,33
2177,33
5645,33
840,34
841,34
2177,34
842,35
843,35
844,35
847,37
848,37
868,37
869,37
877,37
878,37
891,37
2550,37
5181,37
7899,37
2212,38
2400,38
4114,38
4120,38
4189,38
4191,38
894,39
895,39
896,39
897,39
1291,39
1292,39
1293,39
1295,39
1536,39
1538,39
2172,39
2190,39
893,41
898,41
899,41
2211,41
2893,41
6704,41
7147,41
8693,41
925,45
930,45
931,45
933,45
937,45
940,45
944,45
953,45
972,45
976,45
977,45
1169,45
1171,45
1335,45
1337,45
1338,45
1339,45
1340,45
1341,45
1342,45
1343,45
1358,45
1513,45
1514,45
1516,45
1521,45
2213,45
2402,45
4634,45
6354,45
7376,45
7377,45
7990,45
8054,45
8495,45
807,46
924,46
926,46
927,46
928,46
929,46
931,46
932,46
933,46
934,46
939,46
943,46
945,46
952,46
959,46
961,46
962,46
967,46
971,46
972,46
973,46
975,46
976,46
977,46
978,46
1166,46
1167,46
1168,46
1170,46
1171,46
1172,46
1173,46
1174,46
1179,46
1314,46
1315,46
1332,46
1343,46
1344,46
1360,46
1512,46
1514,46
2344,46
2345,46
2602,46
2603,46
2604,46
2605,46
2606,46
2607,46
2618,46
2628,46
4388,46
4633,46
5346,46
5347,46
5708,46
5855,46
5856,46
6985,46
7662,46
7977,46
7989,46
7993,46
7998,46
8113,46
8115,46
8120,46
8333,46
8334,46
8336,46
8360,46
8378,46
8475,46
8482,46
8484,46
8485,46
8491,46
8492,46
8724,46
958,48
5259,48
5581,48
5583,48
595,50
1006,50
1011,50
2263,50
995,51
996,51
997,51
999,51
1000,51
1003,51
1007,51
1008,51
1009,51
1010,51
1012,51
72,54
913,54
992,54
993,54
994,54
998,54
1005,54
1013,54
1014,54
1015,54
1016,54
1017,54
1018,54
1019,54
1020,54
1021,54
1022,54
1023,54
1024,54
1025,54
2227,54
2265,54
2731,54
2755,54
2756,54
2757,54
3656,54
3888,54
3989,54
4587,54
8496,54
8497,54
1026,55
1027,55
1028,55
1029,55
1030,55
1031,55
1787,55
2145,55
2343,55
5185,55
20,56
837,56
909,56
1033,56
1034,56
1040,56
1048,56
1373,56
1438,56
1450,56
1459,56
1766,56
2276,56
2805,56
2820,56
3384,56
3819,56
5055,56
5956,56
6240,56
6245,56
6355,56
6424,56
6425,56
6426,56
6430,56
6432,56
6433,56
6434,56
6435,56
7195,56
7794,56
7796,56
7797,56
7802,56
7803,56
7804,56
7825,56
7908,56
8702,56
8703,56
1053,57
7283,57
7860,57
1042,59
1054,59
1055,59
1058,59
1059,59
1060,59
1061,59
1062,59
1065,59
1066,59
1067,59
1068,59
1069,59
1070,59
1071,59
1348,59
2834,59
3680,59
3681,59
5571,59
5579,59
6157,59
6260,59
6994,59
6995,59
7185,59
7299,59
7779,59
7780,59
7781,59
7782,59
7786,59
7790,59
7791,59
7792,59
7793,59
7794,59
7795,59
8735,59
33,61
483,61
1072,61
1073,61
1074,61
1075,61
1939,61
2097,61
2103,61
4579,61
7223,61
7231,61
7232,61
7234,61
7235,61
7236,61
7238,61
7239,61
7242,61
7243,61
7244,61
7247,61
7248,61
7251,61
7261,61
7262,61
7263,61
7264,61
7265,61
7269,61
1130,68
1131,68
7908,68
7909,68
7910,68
7911,68
7912,68
157,69
349,69
350,69
352,69
1132,69
1136,69
1139,69
1140,69
1141,69
1142,69
1143,69
1144,69
1145,69
1183,69
1454,69
1470,69
1496,69
2089,69
2090,69
2091,69
2092,69
5724,69
6257,69
7896,69
7914,69
7916,69
7917,69
7918,69
7919,69
7920,69
7921,69
7922,69
7924,69
7925,69
7926,69
7927,69
7929,69
7930,69
7931,69
197,70
647,70
648,70
649,70
650,70
651,70
1157,70
1158,70
1159,70
1187,70
1188,70
1194,70
1241,70
1243,70
1244,70
1245,70
1246,70
1248,70
1249,70
1250,70
1251,70
1252,70
1253,70
1328,70
1469,70
1483,70
1485,70
2066,70
2067,70
2068,70
2070,70
2071,70
2339,70
2686,70
2718,70
2920,70
3989,70
5157,70
5208,70
5792,70
5793,70
6284,70
6320,70
6978,70
7021,70
7023,70
7024,70
7025,70
7650,70
7651,70
7935,70
7969,70
337,72
362,72
365,72
640,72
642,72
988,72
1186,72
1189,72
1193,72
1195,72
1196,72
1197,72
1204,72
1363,72
1364,72
1365,72
1377,72
1405,72
2562,72
2563,72
2564,72
2565,72
2566,72
2567,72
2568,72
2569,72
2570,72
2672,72
2677,72
3634,72
3973,72
4431,72
5796,72
5821,72
8146,72
1199,74
1240,74
1347,74
1366,74
1368,74
2005,74
2079,74
5154,74
5781,74
5782,74
6987,74
7900,74
7901,74
7915,74
184,77
185,77
2342,77
4808,77
6972,77
1537,78
1539,78
6451,78
6967,78
6968,78
6971,78
6972,78
6973,78
1540,79
1541,79
1542,79
1592,79
1780,79
3405,79
4958,79
5646,79
6467,79
6471,79
834,82
1553,82
1559,82
1568,82
1576,82
1580,82
1582,82
1586,82
6391,82
6479,82
177,83
178,83
249,83
251,83
626,83
637,83
1175,83
1176,83
1177,83
1349,83
1350,83
1351,83
1352,83
1549,83
1550,83
1551,83
1555,83
1556,83
1557,83
1560,83
1561,83
1565,83
1566,83
1569,83
1570,83
1571,83
1573,83
1574,83
1575,83
1577,83
1578,83
1583,83
1584,83
1585,83
1759,83
2215,83
2216,83
2218,83
2833,83
3412,83
3455,83
3634,83
3989,83
4318,83
5032,83
6474,83
6475,83
7181,83
7710,83
7885,83
8319,83
15,85
16,85
1588,85
1589,85
1590,85
4394,85
4395,85
4577,85
5308,85
144,86
210,86
252,86
1522,86
1589,86
1591,86
1593,86
1594,86
1595,86
1596,86
1597,86
1600,86
1601,86
1604,86
1606,86
1609,86
1613,86
1615,86
1617,86
1620,86
1621,86
1623,86
1626,86
1634,86
1638,86
1651,86
1652,86
1653,86
1654,86
1655,86
1656,86
1657,86
1658,86
1664,86
1667,86
1669,86
1670,86
1672,86
1674,86
1675,86
1676,86
1677,86
1678,86
1679,86
1680,86
1681,86
1682,86
1683,86
1684,86
1685,86
1686,86
1688,86
1690,86
1691,86
1692,86
1693,86
1696,86
1699,86
1701,86
1702,86
1703,86
1704,86
1706,86
1708,86
1709,86
1711,86
1712,86
1714,86
1715,86
1717,86
1718,86
1809,86
1810,86
1871,86
2106,86
2272,86
2966,86
2984,86
2985,86
3166,86
4092,86
4093,86
4397,86
4400,86
4401,86
4403,86
4420,86
4491,86
4535,86
5036,86
5289,86
5301,86
5310,86
5862,86
5863,86
5864,86
5868,86
5876,86
5884,86
6723,86
6725,86
6945,86
7094,86
7274,86
8709,86
89,87
90,87
91,87
92,87
338,87
900,87
1408,87
1409,87
1410,87
1412,87
1413,87
1614,87
1616,87
1617,87
1618,87
1620,87
1626,87
1627,87
1628,87
1637,87
1654,87
1659,87
1660,87
1662,87
1665,87
1683,87
1684,87
1689,87
1694,87
1710,87
1825,87
1826,87
2106,87
2219,87
2220,87
2221,87
2273,87
2802,87
2803,87
2823,87
3159,87
3915,87
4092,87
4165,87
4375,87
4396,87
4397,87
4398,87
4404,87
4406,87
4408,87
4531,87
4533,87
4573,87
4576,87
4613,87
4769,87
5290,87
5295,87
5296,87
5861,87
5862,87
5865,87
5867,87
6376,87
6380,87
6393,87
6723,87
6724,87
6878,87
7077,87
7078,87
7110,87
7446,87
7667,87
7668,87
8005,87
8006,87
8072,87
1353,88
1602,88
1620,88
1622,88
1639,88
1640,88
1641,88
1642,88
1643,88
1644,88
1645,88
1646,88
1648,88
1649,88
1663,88
1750,88
7980,88
9,89
10,89
12,89
1617,89
1640,89
1647,89
1649,89
1650,89
1661,89
4399,89
4402,89
5866,89
7076,89
7859,89
556,93
1032,93
1057,93
1354,93
1726,93
1727,93
1728,93
1729,93
1730,93
1733,93
1735,93
1736,93
1737,93
1739,93
1740,93
1741,93
1752,94
1753,94
1755,94
1887,94
5050,94
5912,94
5965,94
5976,94
5977,94
754,96
1785,96
1786,96
1790,96
1794,96
1796,96
1797,96
1798,96
1799,96
1802,96
1803,96
1804,96
1807,96
1818,96
5768,96
8548,96
1834,102
1835,102
1836,102
1840,102
1842,102
1843,102
5025,102
5027,102
437,103
1421,103
1837,103
1838,103
1839,103
1840,103
1841,103
1844,103
2831,103
5024,103
5026,103
5033,103
5034,103
5035,103
7365,103
8733,103
18,104
80,104
1872,104
1877,104
1880,104
2797,104
4080,104
4409,104
4410,104
4413,104
4414,104
4594,104
4598,104
4606,104
4817,104
4838,104
5337,104
5668,104
5711,104
5712,104
7132,104
7149,104
427,106
428,106
429,106
761,106
914,106
915,106
1819,106
1820,106
1856,106
1863,106
1865,106
1879,106
3264,106
3265,106
3908,106
4330,106
4331,106
4332,106
4333,106
4580,106
4582,106
4595,106
4599,106
4601,106
4604,106
4605,106
4606,106
4621,106
4632,106
4771,106
4832,106
4833,106
4853,106
4883,106
5240,106
5241,106
5704,106
5838,106
6443,106
6503,106
6819,106
7045,106
7138,106
7211,106
7212,106
7366,106
7703,106
7704,106
8318,106
1849,107
1850,107
1853,107
1867,107
1870,107
1874,107
1875,107
3674,107
4597,107
1906,111
1907,111
7063,111
423,114
5038,114
5039,114
5040,114
5041,114
5042,114
490,117
1178,117
1937,117
1943,117
1948,117
1949,117
1951,117
1952,117
1953,117
1954,117
1955,117
1963,117
1965,117
1970,117
1976,117
1977,117
460,118
473,118
482,118
494,118
1305,118
1935,118
1936,118
1942,118
1944,118
1945,118
1950,118
1958,118
1959,118
1961,118
1971,118
1972,118
1973,118
1980,118
1981,118
1985,118
2206,118
2223,118
2673,118
3732,118
3815,118
4373,118
4417,118
4479,118
4480,118
4481,118
4482,118
4483,118
4484,118
5937,118
5938,118
7071,118
7615,118
1994,120
1988,121
1989,121
1991,121
1992,121
1993,121
1994,121
1995,121
1996,121
2666,121
2891,121
1998,122
1999,122
2000,122
2001,122
2002,122
2003,122
2004,122
2007,122
2008,122
2009,122
2010,122
2011,122
2012,122
2013,122
2014,122
2015,122
2016,122
2017,122
2018,122
2019,122
5783,122
5788,122
5795,122
2006,124
2020,124
2021,124
2022,124
5791,124
2026,126
2037,126
2041,126
2043,126
2046,126
2047,126
2048,126
2049,126
2052,126
2055,126
2056,126
2058,126
2059,126
2060,126
2061,126
2062,126
2063,126
3146,126
3152,126
4053,126
5222,126
5224,126
1478,127
2023,127
2081,127
2082,127
2327,127
2450,127
2451,127
2547,127
2548,127
2897,127
2898,127
3311,127
3312,127
3313,127
5137,127
5138,127
5140,127
5144,127
5146,127
5147,127
5148,127
5149,127
5150,127
5151,127
5153,127
5160,127
5161,127
5162,127
5164,127
6216,127
6217,127
6220,127
6221,127
6224,127
6225,127
7040,127
7041,127
7577,127
7578,127
7579,127
7587,127
7588,127
7774,127
2087,128
2088,128
2893,128
2896,128
4152,128
4153,128
4154,128
7939,128
7940,128
8317,128
8701,128
938,131
1831,132
1832,132
1833,132
2326,132
2328,132
2329,132
2330,132
2331,132
2332,132
2333,132
2334,132
2335,132
2336,132
2337,132
2338,132
5580,132
5784,132
5789,132
1470,134
2324,134
2325,134
2340,134
2341,134
5791,134
367,135
763,135
767,135
768,135
777,135
778,135
941,135
942,135
1356,135
2346,135
2348,135
2349,135
2352,135
2353,135
2355,135
2357,135
2358,135
2359,135
2360,135
2364,135
2365,135
2366,135
2367,135
4641,135
4692,135
4693,135
4695,135
4696,135
4698,135
1009,140
2387,140
2515,140
2516,140
3250,140
3586,140
3587,140
5831,140
5833,140
375,143
409,143
420,143
595,143
1889,143
2226,143
2228,143
2276,143
2415,143
2417,143
2418,143
2419,143
2420,143
2421,143
2423,143
2425,143
2511,143
2612,143
2736,143
4951,143
5568,143
5569,143
7180,143
139,144
382,144
515,144
522,144
1227,144
1436,144
1443,144
1444,144
2152,144
2174,144
2260,144
2430,144
2432,144
2435,144
2436,144
2439,144
2440,144
2441,144
2443,144
2444,144
2879,144
4496,144
5174,144
5175,144
5176,144
5210,144
5211,144
5212,144
5213,144
5215,144
5216,144
5217,144
5218,144
5430,144
5432,144
5456,144
5458,144
5459,144
5464,144
5471,144
5533,144
5542,144
5560,144
5730,144
5732,144
5733,144
5740,144
5744,144
5747,144
5751,144
5752,144
5753,144
5754,144
5756,144
5760,144
5764,144
5765,144
5922,144
7378,144
1891,148
2231,148
2245,148
2246,148
2290,148
2301,148
2464,148
2473,148
2474,148
2769,148
2779,148
2780,148
2786,148
4440,148
4442,148
4443,148
4585,148
4586,148
7450,148
7551,148
224,149
1381,149
2234,149
2462,149
2463,149
2471,149
2472,149
2476,149
2477,149
2786,149
2790,149
4442,149
5883,149
6784,149
7361,149
7551,149
2484,150
2485,150
2488,150
2489,150
2490,150
2491,150
2909,150
3180,150
3181,150
3191,150
3192,150
3497,150
3503,150
3505,150
3520,150
3543,150
3576,150
3580,150
3581,150
3584,150
3589,150
8276,150
8282,150
8532,150
114,151
159,151
1608,151
1636,151
1764,151
1788,151
2370,151
2371,151
2381,151
2492,151
2493,151
2495,151
2497,151
2499,151
2500,151
2503,151
2505,151
2957,151
2958,151
4428,151
4498,151
4555,151
4574,151
6199,151
6402,151
6404,151
6436,151
6903,151
7097,151
7271,151
7421,151
112,152
115,152
2368,152
2369,152
2371,152
2375,152
2378,152
2379,152
2381,152
2382,152
2383,152
2494,152
2495,152
2496,152
2501,152
2502,152
2504,152
2505,152
2506,152
4423,152
4424,152
4428,152
4472,152
4473,152
4474,152
6383,152
6385,152
6403,152
7082,152
8016,152
2544,155
2891,155
7773,155
506,158
507,158
1220,158
2078,158
2558,158
2559,158
2561,158
4687,158
4703,158
5777,158
7333,158
7337,158
7584,158
1311,163
2229,163
2583,163
2584,163
2587,163
2589,163
2631,163
2750,163
2768,163
5725,163
5726,163
5727,163
1133,164
1134,164
1135,164
1137,164
1138,164
2583,164
2585,164
2586,164
2588,164
2589,164
2590,164
2591,164
2592,164
2738,164
2739,164
2740,164
4142,164
5554,164
5723,164
1932,165
1933,165
2593,165
2594,165
2595,165
2597,165
5089,165
1934,166
2596,166
2597,166
2598,166
3428,166
3726,166
6254,166
6721,166
935,167
937,167
974,167
1445,167
1493,167
1513,167
1514,167
4433,167
4635,167
5349,167
5350,167
5706,167
5707,167
6064,167
6067,167
6096,167
7557,167
7982,167
8114,167
8117,167
8326,167
8342,167
8343,167
8355,167
8365,167
8366,167
8367,167
8368,167
8369,167
8370,167
8374,167
8375,167
8376,167
8377,167
8379,167
8380,167
8383,167
8384,167
8389,167
8403,167
8425,167
8426,167
8472,167
8476,167
8477,167
8478,167
8479,167
8480,167
8481,167
8483,167
8486,167
8487,167
8488,167
8489,167
8493,167
8494,167
8740,167
1997,169
2649,169
2679,172
2680,172
4434,172
4438,172
4508,172
6744,172
7770,172
917,177
918,177
922,177
923,177
1789,177
1811,177
1929,177
2692,177
2694,177
2695,177
2696,177
2698,177
2699,177
2700,177
2701,177
3087,177
3088,177
4345,177
4965,177
5285,177
5940,177
5989,177
5990,177
5991,177
5992,177
6649,177
6650,177
6654,177
7059,177
7060,177
7272,177
865,178
2704,178
2707,178
2708,178
2709,178
2710,178
3202,178
2717,179
2719,179
2720,179
52,181
94,181
1004,181
1310,181
1313,181
1901,181
1902,181
2241,181
2268,181
2294,181
2298,181
2305,181
2613,181
2614,181
2724,181
2725,181
2727,181
2729,181
2732,181
2742,181
2743,181
2749,181
2751,181
2754,181
2755,181
2759,181
2760,181
2763,181
2767,181
2770,181
2774,181
2775,181
2777,181
2784,181
2787,181
2788,181
2789,181
2791,181
2910,181
3182,181
3186,181
3244,181
3246,181
3507,181
3640,181
3811,181
4707,181
5043,181
5344,181
5482,181
6109,181
6502,181
6758,181
6815,181
7385,181
7386,181
7395,181
7396,181
7550,181
179,184
2667,184
2874,184
2876,184
2878,184
2884,184
2885,184
2886,184
2891,184
2892,184
2893,184
3431,184
3499,184
3624,184
4150,184
4155,184
5560,184
5923,184
6350,184
6948,184
6954,184
7556,184
7663,184
8315,184
109,186
195,186
196,186
327,186
333,186
353,186
356,186
448,186
449,186
1388,186
1828,186
1911,186
2480,186
2486,186
2866,186
2899,186
2900,186
2902,186
2903,186
2904,186
2907,186
2909,186
2911,186
2917,186
3056,186
3194,186
3235,186
3253,186
3254,186
3336,186
3337,186
3511,186
3512,186
3514,186
3515,186
3518,186
3519,186
3520,186
3521,186
3526,186
3527,186
3530,186
3533,186
3537,186
3538,186
3542,186
3543,186
3545,186
3547,186
3548,186
3549,186
3550,186
3551,186
3553,186
3554,186
3555,186
3556,186
3559,186
3560,186
3561,186
3562,186
3563,186
3564,186
3565,186
3566,186
3568,186
3569,186
3570,186
3573,186
3574,186
3576,186
3577,186
3578,186
3579,186
3583,186
3585,186
3587,186
3592,186
3593,186
3595,186
3596,186
3597,186
4452,186
4505,186
5566,186
6073,186
6074,186
6075,186
6080,186
6081,186
6082,186
6093,186
6107,186
6974,186
6975,186
6976,186
7633,186
7634,186
7636,186
7637,186
7719,186
7865,186
8275,186
8278,186
8279,186
8280,186
8283,186
8284,186
8285,186
8286,186
2949,190
2950,190
2961,190
2962,190
2963,190
2972,190
2973,190
2974,190
2975,190
2976,190
2990,190
3000,190
3003,190
3016,190
3017,190
3025,190
3028,190
3034,190
3039,190
3045,190
3909,190
4060,190
4314,190
4315,190
4386,190
5835,190
7218,190
8569,190
56,195
57,195
58,195
82,195
1385,195
1792,195
1793,195
1805,195
1806,195
2135,195
2136,195
2139,195
2140,195
2148,195
2697,195
3058,195
3059,195
3062,195
3064,195
3065,195
3070,195
3071,195
3072,195
3073,195
3075,195
3076,195
3077,195
3080,195
3083,195
3084,195
3085,195
3086,195
3088,195
3089,195
3091,195
3095,195
3096,195
3100,195
3101,195
3105,195
3107,195
3108,195
3113,195
3117,195
3121,195
3122,195
3128,195
3133,195
4822,195
4823,195
5887,195
6532,195
6556,195
6641,195
6672,195
6684,195
7102,195
7103,195
7172,195
7173,195
7289,195
3162,196
3163,196
3164,196
3184,199
3188,199
3209,199
3211,199
3218,199
3221,199
3226,199
3227,199
7553,199
3172,200
3173,200
3176,200
3189,200
3190,200
3243,200
3248,200
3249,200
3251,200
3252,200
5560,200
686,202
2203,202
3283,202
3287,202
3288,202
6411,202
6412,202
8251,202
150,203
151,203
152,203
688,203
689,203
760,203
810,203
813,203
814,203
821,203
823,203
836,203
838,203
916,203
1564,203
1762,203
3157,203
3269,203
3271,203
3272,203
3273,203
3275,203
3276,203
3277,203
3278,203
3279,203
3282,203
3284,203
3285,203
3286,203
3290,203
3291,203
3292,203
3293,203
3296,203
3297,203
3298,203
3299,203
3300,203
3301,203
3302,203
3303,203
3304,203
3305,203
3630,203
3682,203
5911,203
6254,203
6283,203
7121,203
7126,203
7127,203
7708,203
8140,203
348,208
1751,208
3316,208
3317,208
3671,208
4646,208
5640,208
7146,208
7178,208
7179,208
7182,208
7183,208
7186,208
61,210
802,210
808,210
901,210
902,210
3038,210
3041,210
3327,210
3329,210
3330,210
3331,210
3333,210
3334,210
3335,210
3345,210
3351,210
3355,210
3356,210
3360,210
3361,210
3365,210
3367,210
3368,210
3374,210
3375,210
3376,210
3380,210
3386,210
3401,210
3402,210
3510,210
3937,210
3938,210
3965,210
3966,210
5023,210
5888,210
8303,210
3347,213
3362,213
3363,213
3364,213
3377,213
3379,213
3381,213
3382,213
3385,213
3387,213
3390,213
3391,213
3392,213
3393,213
3394,213
3935,213
5199,213
5200,213
5201,213
3328,214
3348,214
3372,214
3381,214
3383,214
3388,214
3389,214
3394,214
3395,214
3396,214
3403,214
3416,214
6145,214
456,215
3053,215
3329,215
3345,215
3349,215
3356,215
3375,215
3397,215
3398,215
3401,215
3939,215
3966,215
8611,215
8612,215
8615,215
8630,215
8631,215
3404,216
1563,220
1566,220
1952,220
3440,220
3443,220
3445,220
3449,220
3450,220
3451,220
3457,220
3460,220
3461,220
3462,220
3463,220
3464,220
3465,220
3466,220
3467,220
3468,220
3471,220
3472,220
3473,220
3474,220
3477,220
3480,220
3481,220
3483,220
7158,220
7630,220
250,221
630,221
1964,221
1966,221
1967,221
1968,221
3439,221
3441,221
3442,221
3444,221
3446,221
3452,221
3453,221
3454,221
3456,221
3457,221
3458,221
3459,221
3469,221
3470,221
3475,221
3476,221
3478,221
3479,221
5847,221
6476,221
6477,221
8725,221
172,226
3501,226
3502,226
5785,226
7829,226
7834,226
7836,226
7837,226
7838,226
7839,226
7840,226
7841,226
7843,226
7844,226
7845,226
7846,226
7847,226
1208,227
1210,227
1211,227
3608,227
3609,227
3610,227
3611,227
3612,227
3613,227
3614,227
3615,227
3616,227
3617,227
3675,227
3676,227
3677,227
4379,227
4457,227
6434,227
8028,227
1209,228
1212,228
3618,228
3702,232
3704,232
3705,232
3707,232
3712,232
3714,232
858,234
1001,234
2891,234
3211,234
3221,234
3226,234
3699,234
3701,234
3703,234
3707,234
3708,234
3709,234
3710,234
3711,234
3713,234
3715,234
1128,236
1129,236
2080,236
2880,236
2881,236
3055,236
3716,236
3717,236
3718,236
4144,236
5354,236
5357,236
5358,236
5363,236
5364,236
5365,236
5935,236
7903,236
7904,236
7932,236
37,239
359,239
360,239
361,239
1288,239
1449,239
1498,239
1529,239
1530,239
1897,239
1899,239
2304,239
2322,239
2323,239
2630,239
2856,239
2865,239
2866,239
2882,239
3340,239
3344,239
3346,239
3408,239
3411,239
3414,239
3417,239
3420,239
3430,239
3432,239
3433,239
3434,239
3734,239
3735,239
3736,239
3739,239
3745,239
3747,239
3748,239
3750,239
3751,239
3752,239
3753,239
3757,239
3762,239
3764,239
3766,239
3770,239
3772,239
3773,239
3775,239
3776,239
3777,239
3778,239
3781,239
3782,239
3783,239
3784,239
3786,239
3787,239
3788,239
3789,239
3790,239
3791,239
3792,239
3799,239
3805,239
3818,239
3993,239
4001,239
4117,239
4119,239
4126,239
4133,239
4415,239
4416,239
4450,239
4451,239
4621,239
4622,239
4623,239
5086,239
5087,239
5335,239
5336,239
5644,239
5714,239
5720,239
5891,239
5892,239
6077,239
6078,239
6083,239
6261,239
6482,239
6484,239
6487,239
7036,239
7143,239
7144,239
7145,239
7716,239
7784,239
7787,239
7792,239
8294,239
8304,239
8714,239
8715,239
8722,239
8729,239
8730,239
8731,239
95,240
396,240
438,240
439,240
440,240
444,240
800,240
805,240
1273,240
1383,240
1533,240
1731,240
1732,240
1734,240
1898,240
1900,240
2316,240
2317,240
2615,240
2829,240
2830,240
3156,240
3341,240
3352,240
3358,240
3406,240
3415,240
3418,240
3422,240
3424,240
3425,240
3426,240
3427,240
3437,240
3606,240
3719,240
3720,240
3726,240
3733,240
3737,240
3741,240
3744,240
3754,240
3758,240
3761,240
3762,240
3764,240
3765,240
3766,240
3767,240
3769,240
3771,240
3779,240
3782,240
3785,240
3786,240
3792,240
3793,240
3794,240
3795,240
3796,240
3799,240
3803,240
3804,240
3834,240
3877,240
3941,240
3993,240
3994,240
3996,240
3997,240
3998,240
4001,240
4007,240
4113,240
4121,240
4134,240
4186,240
4337,240
4621,240
4717,240
4810,240
5061,240
5068,240
5348,240
5643,240
6078,240
6085,240
6445,240
6448,240
6485,240
6489,240
6500,240
6501,240
6966,240
7036,240
7037,240
7038,240
7168,240
7641,240
7661,240
7789,240
8253,240
8297,240
8716,240
8718,240
8720,240
8727,240
8736,240
3823,241
3824,241
3826,241
3828,241
3829,241
4125,241
4128,241
4130,241
4131,241
4685,241
4708,241
4709,241
5545,241
5564,241
7327,241
7345,241
7346,241
7659,241
7856,241
3431,242
3825,242
3826,242
3827,242
3830,242
3948,242
4130,242
4685,242
4710,242
4721,242
5030,242
5031,242
7344,242
7346,242
803,243
804,243
1531,243
1969,243
3500,243
3811,243
3832,243
3833,243
3835,243
3836,243
3837,243
5939,243
6160,243
6759,243
6828,243
2540,245
2542,245
2543,245
3844,245
3845,245
3848,245
3849,245
3854,245
3856,245
3859,245
3860,245
3861,245
3863,245
3864,245
3865,245
3866,245
3867,245
3868,245
3878,245
3881,245
3882,245
3884,245
3885,245
4051,245
4108,245
4851,245
5273,245
5279,245
5675,245
6416,245
6417,245
8616,245
8617,245
521,246
560,246
572,246
741,246
1154,246
1402,246
1451,246
1864,246
2428,246
2810,246
3318,246
3339,246
3447,246
3481,246
3631,246
3895,246
3899,246
3903,246
3906,246
4137,246
4139,246
4358,246
4382,246
4384,246
4385,246
5341,246
5546,246
5814,246
5815,246
7046,246
7122,246
7849,246
7850,246
7986,246
8320,246
8321,246
8322,246
192,247
446,247
1218,247
1451,247
3906,247
3940,247
3957,247
4384,247
4715,247
4945,247
201,250
226,250
370,250
569,250
571,250
1598,250
1607,250
1742,250
1743,250
1749,250
2270,250
3109,250
3650,250
3728,250
3729,250
3889,250
3890,250
3892,250
3893,250
3894,250
3896,250
3897,250
3898,250
3900,250
3902,250
3910,250
3911,250
3912,250
3913,250
3914,250
3915,250
3916,250
3933,250
3934,250
3944,250
3949,250
3950,250
3951,250
3952,250
3956,250
3958,250
3959,250
3974,250
3975,250
3977,250
3981,250
3983,250
4040,250
4091,250
4095,250
4380,250
4381,250
4465,250
4572,250
4575,250
4611,250
4616,250
4617,250
4620,250
4820,250
4939,250
5281,250
5869,250
5875,250
5893,250
5894,250
6015,250
6173,250
6281,250
6731,250
6760,250
6767,250
6901,250
7075,250
7271,250
7282,250
7420,250
7422,250
7594,250
7823,250
2151,252
2159,252
2160,252
2161,252
2166,252
2189,252
2204,252
2253,252
2401,252
3923,252
3924,252
3925,252
3927,252
3929,252
3930,252
3931,252
4357,252
4628,252
4629,252
7595,252
491,253
2152,253
2164,253
2170,253
2187,253
2189,253
2192,253
2621,253
2872,253
3891,253
3920,253
3921,253
3922,253
3923,253
3926,253
3927,253
3928,253
3929,253
3932,253
4116,253
4122,253
4999,253
6214,253
6364,253
6881,253
6882,253
6883,253
6885,253
6886,253
6888,253
7855,253
70,255
471,255
3947,255
3961,255
3962,255
3963,255
3964,255
3968,255
3969,255
3970,255
3971,255
3972,255
4241,255
4487,255
5194,255
5195,255
5196,255
5204,255
5207,255
5913,255
6452,255
6456,255
366,257
2313,257
3338,257
3410,257
3423,257
3746,257
3759,257
3760,257
3763,257
3774,257
3802,257
4000,257
4002,257
4004,257
4005,257
5056,257
6483,257
6486,257
7541,257
7785,257
7788,257
1384,260
1406,260
1414,260
1816,260
1857,260
1868,260
2038,260
2039,260
2042,260
2050,260
2053,260
2930,260
2931,260
2933,260
2934,260
2944,260
2945,260
2946,260
2947,260
2948,260
2953,260
2954,260
2955,260
2956,260
2959,260
2964,260
2965,260
2967,260
2968,260
2970,260
2971,260
2977,260
2982,260
2983,260
2998,260
3002,260
3005,260
3006,260
3007,260
3008,260
3009,260
3010,260
3015,260
3018,260
3019,260
3020,260
3021,260
3026,260
3027,260
3033,260
3035,260
3043,260
3263,260
3488,260
3489,260
3490,260
4018,260
4019,260
4020,260
4021,260
4022,260
4023,260
4030,260
4048,260
4049,260
4050,260
4053,260
4055,260
4060,260
4061,260
4062,260
4065,260
4066,260
4099,260
4100,260
4824,260
4825,260
4835,260
4862,260
4890,260
5895,260
5993,260
6036,260
6133,260
6134,260
6135,260
6136,260
6138,260
6141,260
6143,260
6144,260
6146,260
6147,260
6148,260
6149,260
6262,260
6346,260
7130,260
7367,260
7946,260
8299,260
8536,260
8569,260
8619,260
142,261
328,261
330,261
1791,261
1854,261
1855,261
1883,261
2040,261
2044,261
2045,261
2869,261
2932,261
2937,261
2942,261
2943,261
2981,261
2986,261
2988,261
2996,261
2999,261
3003,261
3014,261
3022,261
3039,261
3042,261
3044,261
3050,261
3491,261
3495,261
3531,261
4024,261
4025,261
4026,261
4027,261
4028,261
4029,261
4030,261
4032,261
4033,261
4034,261
4035,261
4036,261
4037,261
4038,261
4039,261
4041,261
4042,261
4043,261
4044,261
4045,261
4047,261
4056,261
4063,261
4064,261
4067,261
4068,261
4076,261
4079,261
4328,261
4444,261
4461,261
4600,261
4836,261
4837,261
4929,261
4930,261
5054,261
5142,261
5245,261
5885,261
5934,261
5941,261
5994,261
5995,261
5996,261
5997,261
6086,261
6132,261
6137,261
6139,261
6140,261
6142,261
6444,261
6977,261
7289,261
7542,261
8124,261
8205,261
8540,261
8570,261
8571,261
8573,261
8574,261
8575,261
8623,261
8629,261
762,265
1860,265
2871,265
2969,265
2979,265
3492,265
3493,265
3496,265
4030,265
4031,265
4069,265
4072,265
4073,265
4074,265
4075,265
4077,265
4082,265
4085,265
4086,265
4087,265
4826,265
4841,265
5235,265
5995,265
5998,265
5999,265
6000,265
6001,265
6002,265
6003,265
6420,265
8169,265
8185,265
8576,265
373,267
1859,267
2960,267
4030,267
4109,267
4110,267
6032,267
6034,267
6035,267
6038,267
6727,267
8518,267
8547,267
8577,267
8578,267
2893,272
2894,272
4148,272
4149,272
4150,272
8700,272
399,279
755,279
4175,279
4176,279
4181,279
5769,279
5770,279
5774,279
7713,279
4183,281
4184,281
4607,281
4170,282
4171,282
4172,282
4173,282
4174,282
4177,282
4180,282
7598,282
7599,282
1781,285
4188,285
4193,285
6631,285
644,286
1552,286
4196,286
4198,286
4200,286
4201,286
4202,286
4208,286
4216,286
564,287
583,287
589,287
595,287
1587,287
3629,287
4197,287
4199,287
4203,287
4204,287
4205,287
4206,287
4207,287
4209,287
4210,287
4212,287
4213,287
4214,287
4215,287
4466,287
4567,287
6480,287
6598,287
8676,287
8677,287
8678,287
8681,287
8686,287
4218,288
4222,288
4225,288
4227,288
4232,288
4239,288
4240,288
4241,288
4242,288
4243,288
4244,288
4245,288
4247,288
4253,288
4254,288
4256,288
4262,288
4263,288
5203,288
6455,288
6462,288
76,290
259,290
264,290
314,290
380,290
1416,290
2726,290
3679,290
4280,290
4281,290
4283,290
4286,290
4288,290
4293,290
4294,290
4295,290
4298,290
4303,290
4304,290
4306,290
4311,290
4827,290
6271,290
6341,290
6636,290
7414,290
7423,290
7424,290
7437,290
7456,290
7458,290
7459,290
7463,290
7464,290
7465,290
7469,290
7471,290
7475,290
7504,290
2027,296
2029,296
2030,296
2031,296
2057,296
2065,296
2827,296
3137,296
3143,296
3147,296
3149,296
3153,296
3154,296
3155,296
4339,296
4340,296
5209,296
79,298
1572,298
1579,298
1914,298
1927,298
4316,298
4317,298
4319,298
4320,298
4321,298
4322,298
4323,298
4341,298
4342,298
4343,298
4344,298
4346,298
4348,298
5905,298
6010,298
6011,298
6012,298
6013,298
6749,298
6761,298
7470,298
4151,303
4657,303
4658,303
4659,303
4660,303
4661,303
4662,303
4665,303
5580,303
5790,303
7034,303
2413,304
2414,304
2416,304
3508,304
4680,304
4699,304
4700,304
4701,304
4702,304
4712,304
4719,304
4720,304
4722,304
4723,304
451,306
452,306
453,306
4668,306
4669,306
4670,306
4671,306
4672,306
4674,306
4675,306
4676,306
4678,306
4686,306
4687,306
4688,306
4689,306
4690,306
4704,306
4732,306
4733,306
4746,306
4767,306
4812,306
4813,306
4814,306
4815,306
5029,306
5662,306
5663,306
5718,306
8125,306
8301,306
552,307
553,307
554,307
555,307
775,307
2356,307
2560,307
4691,307
4752,307
4756,307
4757,307
4760,307
4761,307
4763,307
4765,307
4994,307
5776,307
5906,307
6595,307
7333,307
7581,307
7801,307
7822,307
17,308
138,308
387,308
390,308
1002,308
1297,308
1298,308
1299,308
2169,308
2173,308
2189,308
2467,308
2798,308
3603,308
3604,308
4776,308
4780,308
4781,308
4782,308
4786,308
4787,308
4788,308
4789,308
4792,308
4794,308
4796,308
4797,308
4798,308
4801,308
4803,308
4807,308
4821,308
5431,308
5443,308
5828,308
5878,308
5881,308
5952,308
6604,308
6605,308
7360,308
7388,308
7390,308
7391,308
7392,308
7632,308
44,309
145,309
147,309
388,309
1888,309
2171,309
2183,309
2185,309
2188,309
2189,309
2193,309
3431,309
3626,309
4774,309
4775,309
4777,309
4778,309
4779,309
4780,309
4783,309
4785,309
4786,309
4787,309
4790,309
4791,309
4793,309
4794,309
4798,309
4799,309
4800,309
4802,309
4803,309
4804,309
4806,309
5441,309
5443,309
5444,309
5457,309
5565,309
5775,309
5837,309
5881,309
3901,310
4819,310
265,311
467,311
468,311
469,311
1822,311
3730,311
4475,311
4537,311
5841,311
5957,311
6172,311
6280,311
1306,313
4865,313
4870,313
4881,313
4891,313
4928,313
5239,313
1881,314
2935,314
2987,314
2989,314
4840,314
4861,314
4867,314
4870,314
4871,314
4872,314
4874,314
4875,314
4876,314
4877,314
4878,314
4881,314
4882,314
4887,314
4888,314
4889,314
4892,314
4893,314
4897,314
4898,314
4899,314
4900,314
8204,314
4411,317
4602,317
4856,317
4859,317
4902,317
4903,317
4904,317
4906,317
4907,317
4908,317
4909,317
4911,317
4912,317
4913,317
4914,317
4915,317
4916,317
4917,317
4918,317
4920,317
4932,317
4935,317
5230,317
5623,317
5631,317
5710,317
8416,317
8417,317
8418,317
8455,317
8468,317
143,318
320,318
447,318
454,318
455,318
1858,318
1869,318
2051,318
2054,318
2832,318
2924,318
2991,318
2992,318
2993,318
2994,318
2995,318
2997,318
3040,318
4113,318
4146,318
4147,318
4626,318
4854,318
4860,318
4866,318
4868,318
4873,318
4880,318
4884,318
4886,318
4891,318
4894,318
4895,318
4901,318
4905,318
4912,318
4913,318
4918,318
4919,318
4920,318
4921,318
4922,318
4924,318
4925,318
4930,318
4932,318
4933,318
4934,318
4936,318
4937,318
4938,318
5227,318
5369,318
5490,318
5491,318
5572,318
5573,318
5588,318
5600,318
5613,318
5614,318
5622,318
5623,318
5625,318
5629,318
5631,318
5632,318
5634,318
6858,318
6904,318
7818,318
7819,318
7820,318
7947,318
8047,318
8048,318
8172,318
8382,318
8415,318
8416,318
8417,318
8418,318
8448,318
8455,318
8468,318
8538,318
347,320
353,320
960,320
1336,320
1362,320
1464,320
1502,320
1503,320
1861,320
1862,320
1866,320
2199,320
2200,320
2201,320
2202,320
2315,320
2389,320
2390,320
2814,320
2861,320
2925,320
3309,320
4187,320
4422,320
4625,320
4768,320
4856,320
5226,320
5715,320
5719,320
5721,320
6414,320
6415,320
6909,320
6912,320
6919,320
6924,320
7397,320
7398,320
7399,320
7401,320
7402,320
7813,320
7817,320
7952,320
8196,320
8307,320
132,322
2765,322
2782,322
2806,322
3811,322
4940,322
4941,322
5247,322
5249,322
5250,322
5252,322
5253,322
5254,322
5255,322
5256,322
6266,322
6267,322
748,324
1543,324
1610,324
1795,324
1808,324
2142,324
2978,324
2980,324
3060,324
3066,324
3103,324
3261,324
3487,324
3850,324
3851,324
4081,324
4192,324
4276,324
4509,324
4834,324
4952,324
4953,324
4954,324
4955,324
4956,324
4957,324
4958,324
4959,324
4962,324
4963,324
4964,324
4968,324
4969,324
4970,324
4973,324
4974,324
4975,324
4979,324
4980,324
4981,324
5271,324
5297,324
5306,324
5307,324
5771,324
5897,324
5898,324
5909,324
5910,324
5914,324
5916,324
6017,324
6471,324
6472,324
6564,324
6773,324
6965,324
7284,324
7286,324
7291,324
7568,324
8049,324
8206,324
8581,324
8582,324
8584,324
8625,324
1432,325
1631,325
1813,325
2936,325
4541,325
4961,325
4966,325
4967,325
4971,325
4972,325
4973,325
4979,325
1274,330
1289,330
1848,330
1882,330
1885,330
1886,330
1895,330
1896,330
2517,330
2518,330
3266,330
3605,330
3738,330
3768,330
3806,330
3954,330
3991,330
3992,330
3995,330
3999,330
4002,330
4003,330
4008,330
4593,330
5052,330
5053,330
5057,330
5058,330
5059,330
5060,330
5062,330
5063,330
5064,330
5065,330
5099,330
5104,330
5116,330
5120,330
5552,330
6092,330
6347,330
6348,330
6488,330
7678,330
7679,330
7806,330
3407,332
3409,332
3747,332
3749,332
3755,332
5083,332
5084,332
5085,332
5088,332
5090,332
5091,332
5092,332
5095,332
5096,332
5097,332
5098,332
5101,332
5102,332
5103,332
5107,332
5108,332
5110,332
5115,332
5119,332
5126,332
5128,332
5129,332
5518,332
5519,332
5521,332
5522,332
5802,332
5803,332
7680,332
7681,332
436,333
441,333
1738,333
3726,333
3740,333
3756,333
5067,333
5069,333
5070,333
5072,333
5073,333
5074,333
5075,333
5077,333
5078,333
5079,333
5080,333
5100,333
5105,333
5106,333
5107,333
5109,333
5110,333
5111,333
5112,333
5113,333
5114,333
5117,333
5118,333
5121,333
5127,333
5809,333
5066,334
5076,334
5130,334
5131,334
5132,334
5133,334
5134,334
5135,334
5517,334
5520,334
1821,336
2077,336
4143,336
2857,337
5185,337
5186,337
5187,337
466,338
470,338
471,338
3256,338
3257,338
3258,338
3350,338
3353,338
3357,338
3955,338
3960,338
3967,338
3970,338
4169,338
4248,338
4249,338
4250,338
4252,338
4485,338
4486,338
5190,338
5191,338
5192,338
5193,338
5197,338
5198,338
5202,338
5203,338
5206,338
6453,338
6454,338
6458,338
6461,338
6464,338
6465,338
528,339
529,339
531,339
2440,339
2509,339
2512,339
4795,339
5212,339
5213,339
5214,339
5215,339
5216,339
5432,339
5433,339
5750,339
5765,339
353,340
457,340
2024,340
2025,340
2029,340
2032,340
2064,340
2453,340
3134,340
3135,340
3136,340
3138,340
3140,340
3141,340
3142,340
3143,340
3144,340
3145,340
3148,340
3149,340
3150,340
3151,340
3152,340
3153,340
4951,340
5219,340
5220,340
5221,340
5223,340
7775,340
7776,340
7777,340
7778,340
4057,342
4326,342
4327,342
4329,342
8160,342
8172,342
8173,342
8180,342
8181,342
8182,342
8183,342
8184,342
8186,342
8187,342
8212,342
2730,344
5248,344
5257,344
5258,344
6834,344
8241,344
5260,345
5262,345
5268,345
323,351
324,351
340,351
341,351
852,351
853,351
854,351
866,351
867,351
872,351
3200,351
3203,351
3207,351
3219,351
3229,351
4809,351
5371,351
5377,351
5378,351
5379,351
5380,351
5381,351
5382,351
5386,351
5390,351
5395,351
5396,351
5399,351
5401,351
5402,351
5403,351
5404,351
5405,351
5407,351
5409,351
5537,351
5543,351
7276,351
176,352
343,352
345,352
386,352
849,352
850,352
851,352
855,352
856,352
857,352
859,352
860,352
862,352
863,352
864,352
870,352
871,352
873,352
874,352
875,352
878,352
879,352
880,352
1235,352
1435,352
2458,352
2519,352
2520,352
2521,352
2522,352
2549,352
2636,352
2637,352
2702,352
2703,352
2706,352
2711,352
2712,352
2713,352
3196,352
3200,352
3207,352
3208,352
3222,352
3234,352
4649,352
5370,352
5372,352
5373,352
5374,352
5375,352
5376,352
5381,352
5383,352
5384,352
5385,352
5386,352
5387,352
5388,352
5389,352
5390,352
5391,352
5392,352
5393,352
5394,352
5395,352
5398,352
5400,352
5401,352
5402,352
5406,352
5408,352
5410,352
5455,352
5466,352
5523,352
5524,352
5525,352
5526,352
5532,352
5534,352
5537,352
5538,352
5539,352
5541,352
5543,352
5544,352
5548,352
5554,352
5560,352
5561,352
5562,352
2705,354
2753,354
2758,354
2764,354
3197,354
3198,354
3199,354
3204,354
3205,354
5395,354
5397,354
7941,354
175,360
511,360
534,360
537,360
544,360
861,360
1021,360
2152,360
2191,360
2269,360
2470,360
2623,360
2752,360
2761,360
2766,360
2776,360
2778,360
2781,360
3167,360
3168,360
3228,360
3230,360
3700,360
3706,360
5178,360
5251,360
5440,360
5447,360
5449,360
5462,360
5463,360
5465,360
5467,360
5483,360
5484,360
5487,360
5489,360
5531,360
5536,360
5560,360
5827,360
6282,360
7592,360
7593,360
393,361
394,361
411,361
2116,361
2634,361
2762,361
3183,361
3225,361
3247,361
4997,361
4998,361
5431,361
5434,361
5435,361
5436,361
5475,361
5476,361
5477,361
5478,361
5479,361
5480,361
7278,361
846,362
2115,362
2510,362
3223,362
3224,362
3245,362
3250,362
4780,362
5445,362
5460,362
5461,362
5468,362
5469,362
5470,362
5472,362
5473,362
5485,362
5486,362
5488,362
5829,362
5830,362
5831,362
5833,362
5951,362
5953,362
7279,362
7682,362
937,364
946,364
955,364
1397,364
1422,364
1475,364
3632,364
3633,364
5015,364
5017,364
5045,364
5046,364
5047,364
5122,364
5123,364
5493,364
5497,364
7981,364
7995,364
7996,364
8327,364
164,366
183,366
385,366
956,366
957,366
1045,366
1428,366
1476,366
1479,366
1491,366
1507,366
3953,366
4006,366
4159,366
5242,366
5412,366
5413,366
5414,366
5415,366
5416,366
5417,366
5418,366
5419,366
5420,366
5421,366
5422,366
5423,366
5424,366
5425,366
5426,366
5428,366
5495,366
5496,366
5498,366
5499,366
5500,366
5501,366
5502,366
5503,366
5504,366
5505,366
5580,366
5584,366
6018,366
7589,366
165,367
384,367
1247,367
1258,367
3633,367
5016,367
5047,367
5124,367
5492,367
5493,367
5501,367
5506,367
5512,367
5513,367
5514,367
5516,367
5583,367
8210,367
3231,368
3232,368
3233,368
5527,368
5528,368
5529,368
5530,368
5535,368
5540,368
318,369
344,369
738,369
877,369
878,369
882,369
883,369
991,369
1050,369
1259,369
1434,369
2523,369
2550,369
2627,369
2632,369
2636,369
3169,369
3195,369
3557,369
4645,369
5048,369
5168,369
5169,369
5343,369
5550,369
5551,369
5555,369
5556,369
5559,369
5560,369
5832,369
5877,369
5919,369
5921,369
5959,369
6705,369
6706,369
7198,369
7573,369
7640,369
7881,369
7933,369
170,373
171,373
312,373
351,373
371,373
551,373
1146,373
1147,373
1148,373
1149,373
1161,373
1200,373
1201,373
1202,373
1203,373
1228,373
1229,373
1233,373
1254,373
1256,373
1262,373
1267,373
1415,373
1489,373
1511,373
2072,373
5575,373
5929,373
5930,373
6826,373
6829,373
6979,373
7015,373
7016,373
7018,373
5590,375
5593,375
5595,375
5596,375
5598,375
5599,375
5601,375
5603,375
5604,375
5606,375
5607,375
5610,375
5635,375
5637,375
5641,375
8398,375
1466,376
2393,376
2483,376
4855,376
4869,376
4885,376
4923,376
5591,376
5592,376
5593,376
5594,376
5597,376
5601,376
5602,376
5605,376
5606,376
5607,376
5611,376
5612,376
5616,376
5630,376
5633,376
5639,376
6905,376
6906,376
6907,376
6914,376
6917,376
6918,376
8398,376
8399,376
8400,376
8402,376
8406,376
8409,376
8410,376
8422,376
8450,376
1423,377
1439,377
1440,377
1441,377
1442,377
1463,377
1517,377
1518,377
1519,377
1520,377
2408,377
2866,377
4145,377
5586,377
5618,377
5619,377
5620,377
5621,377
5626,377
5627,377
5628,377
5632,377
5638,377
5642,377
6315,377
6325,377
6913,377
6924,377
7047,377
7400,377
7953,377
8353,377
8417,377
5650,380
7216,380
430,382
2482,382
2860,382
3852,382
3853,382
3858,382
3878,382
3886,382
4372,382
4499,382
4501,382
4502,382
4503,382
4504,382
5673,382
5683,382
5686,382
5687,382
5688,382
7800,382
7857,382
7858,382
7862,382
8272,382
8588,382
8589,382
8590,382
8591,382
8592,382
8593,382
8641,382
8642,382
8656,382
3855,383
3857,383
3871,383
3874,383
4053,383
4393,383
4500,383
4596,383
5667,383
5669,383
5670,383
5671,383
5672,383
5674,383
5675,383
5676,383
5677,383
5678,383
5679,383
5680,383
5681,383
5682,383
5684,383
5685,383
5689,383
5993,383
8606,383
8643,383
8644,383
5691,384
5692,384
5693,384
5694,384
5695,384
5697,384
5698,384
5699,384
2467,386
4780,386
169,389
1827,389
4639,389
5780,389
5786,389
5787,389
5791,389
5798,389
6169,389
6170,389
6250,389
7035,389
7339,389
7586,389
7807,389
7808,389
7809,389
7810,389
7811,389
7826,389
8274,389
3494,392
4046,392
5810,392
5811,392
5812,392
584,393
595,393
2568,393
2674,393
4135,393
5813,393
5818,393
5825,393
1851,394
2675,394
2681,394
2683,394
2684,394
4094,394
4507,394
4864,394
5816,394
5817,394
5822,394
5823,394
5824,394
5826,394
8232,394
885,395
886,395
889,395
1753,395
1892,395
2714,395
2716,395
3201,395
5183,395
5340,395
5966,395
5970,395
5974,395
5976,395
6441,395
7854,395
7934,395
8712,395
326,396
884,396
887,396
888,396
989,396
990,396
1076,396
1077,396
1317,396
2704,396
2710,396
2715,396
5184,396
5334,396
5565,396
5963,396
5964,396
5966,396
5968,396
5969,396
5970,396
5971,396
5973,396
5974,396
5975,396
5976,396
6158,396
6442,396
6707,396
7167,396
7194,396
7210,396
7566,396
7880,396
8316,396
3236,398
3237,398
3238,398
3239,398
5979,398
5980,398
3936,399
4251,399
5981,399
5982,399
5983,399
5984,399
5985,399
6596,399
98,402
3325,402
3326,402
3366,402
6040,402
6051,402
6060,402
6061,402
6062,402
6063,402
6069,402
6071,402
6094,402
6095,402
6098,402
6099,402
292,404
2280,404
3004,404
3012,404
4519,404
6046,404
6049,404
6051,404
6060,404
6063,404
6103,404
7660,404
8710,404
8713,404
1387,405
3320,405
3321,405
3322,405
3369,405
3370,405
3371,405
3373,405
6076,405
6102,405
6104,405
6106,405
6186,405
4113,407
5613,407
6111,407
6112,407
6113,407
6114,407
6115,407
6116,407
6117,407
6118,407
6119,407
6131,407
7600,407
7639,407
7741,407
7745,407
7746,407
7749,407
7754,407
7760,407
7767,407
7768,407
3323,408
3359,408
3378,408
3413,408
4518,408
6053,408
6124,408
6125,408
6126,408
2309,414
2952,414
3013,414
5957,414
6041,414
6042,414
6043,414
6044,414
6045,414
6052,414
6070,414
6072,414
6090,414
6091,414
6101,414
6150,414
6151,414
6152,414
6153,414
6154,414
6155,414
6156,414
6497,414
6498,414
6499,414
7290,414
8296,414
892,418
2407,418
2645,418
5702,418
6162,418
6163,418
839,423
1084,423
1087,423
1088,423
1089,423
1090,423
1094,423
1110,423
1119,423
1126,423
1275,423
1276,423
1277,423
1278,423
1282,423
1284,423
1286,423
1287,423
1746,423
1747,423
1748,423
2119,423
2132,423
2214,423
2574,423
3160,423
3484,423
3485,423
3486,423
5836,423
5986,423
6122,423
6123,423
6592,423
6593,423
6710,423
6711,423
6714,423
6715,423
6802,423
6814,423
6910,423
6911,423
7688,423
7705,423
7706,423
7707,423
8012,423
8027,423
8095,423
8107,423
8130,423
8131,423
8132,423
8133,423
8134,423
8163,423
8219,423
8566,423
8666,423
743,424
746,424
2616,424
2642,424
2643,424
2646,424
2647,424
2648,424
2657,424
2922,424
4162,424
5353,424
6226,424
7898,424
595,432
947,432
948,432
949,432
963,432
964,432
966,432
1339,432
1475,432
1521,432
2249,432
2250,432
3635,432
3636,432
5018,432
5019,432
6291,432
6304,432
6305,432
6306,432
6308,432
6337,432
8117,432
5164,434
6298,434
6299,434
6300,434
6316,434
6317,434
6318,434
6319,434
6321,434
6322,434
6323,434
965,436
1429,436
2075,436
3636,436
5155,436
5158,436
5580,436
6285,436
6286,436
6287,436
6288,436
6289,436
6290,436
6291,436
6292,436
6293,436
6294,436
6295,436
6296,436
6297,436
6301,436
6302,436
6303,436
6307,436
6309,436
6310,436
6311,436
6312,436
6313,436
6314,436
6326,436
6327,436
6328,436
6329,436
6330,436
6331,436
6332,436
6333,436
6334,436
6335,436
6336,436
6338,436
2541,437
3846,437
3847,437
6344,437
6345,437
6900,437
8646,437
50,442
111,442
117,442
295,442
1611,442
1625,442
1666,442
1668,442
1687,442
1694,442
1695,442
2800,442
2804,442
2838,442
2839,442
2841,442
2845,442
2846,442
2847,442
2864,442
3259,442
4387,442
4425,442
4426,442
4427,442
4429,442
4430,442
4460,442
4522,442
4526,442
4529,442
4534,442
5288,442
5870,442
5873,442
6199,442
6357,442
6358,442
6359,442
6360,442
6361,442
6362,442
6363,442
6368,442
6369,442
6370,442
6375,442
6377,442
6378,442
6379,442
6381,442
6386,442
6387,442
6388,442
6389,442
6390,442
6392,442
6437,442
6548,442
6551,442
6552,442
6588,442
6608,442
7098,442
7100,442
7101,442
7107,442
7371,442
54,443
1697,443
2123,443
2124,443
2539,443
2838,443
2839,443
2840,443
2842,443
2843,443
2844,443
2847,443
2848,443
2849,443
2850,443
2851,443
2852,443
2863,443
4356,443
4405,443
4515,443
4516,443
4525,443
4526,443
4527,443
4528,443
4530,443
4532,443
4534,443
4546,443
4547,443
4548,443
5931,443
6159,443
6365,443
6366,443
6367,443
6368,443
6370,443
6371,443
6372,443
6373,443
6374,443
6377,443
6382,443
6384,443
6394,443
6398,443
6399,443
6537,443
6547,443
6549,443
6550,443
6552,443
6589,443
7099,443
7285,443
7372,443
7683,443
7888,443
8073,443
6395,445
6396,445
6397,445
5,448
1420,448
1774,448
1777,448
2815,448
2816,448
2817,448
3001,448
3054,448
3260,448
3262,448
4061,448
4335,448
4446,448
4447,448
4490,448
4492,448
4493,448
4495,448
4982,448
4983,448
4984,448
4986,448
4990,448
4991,448
5237,448
5238,448
5270,448
5274,448
5276,448
5277,448
5278,448
5280,448
5282,448
5283,448
5284,448
5286,448
5287,448
5288,448
5291,448
5292,448
5298,448
5302,448
5303,448
5305,448
5312,448
5313,448
5314,448
5315,448
5316,448
5317,448
5320,448
5324,448
5325,448
5327,448
5328,448
5330,448
5331,448
5333,448
5690,448
5696,448
5915,448
5958,448
6164,448
6174,448
6421,448
6510,448
6511,448
6540,448
6541,448
7065,448
7287,448
7323,448
7369,448
7370,448
7585,448
7602,448
8506,448
8594,448
8635,448
8637,448
8639,448
8640,448
2028,449
2033,449
2939,449
2940,449
2941,449
3139,449
1873,450
4083,450
4839,450
4842,450
4843,450
4844,450
4845,450
4846,450
4847,450
4848,450
4849,450
4850,450
4852,450
5716,450
5993,450
6016,450
6423,450
7368,450
7702,450
3780,454
4539,454
6446,454
6447,454
6449,454
6450,454
756,456
1544,456
1545,456
1630,456
1784,456
4277,456
4392,456
5772,456
6278,456
6466,456
6467,456
6468,456
6469,456
6470,456
6471,456
6660,456
6661,456
6662,456
6703,456
6930,456
7280,456
8075,456
8649,456
1546,457
4624,457
5318,457
6466,457
7570,457
382,459
3158,459
4387,459
4544,459
4554,459
4556,459
5288,459
5319,459
6506,459
6507,459
6517,459
6518,459
6519,459
6523,459
6524,459
6531,459
6536,459
6538,459
6544,459
6556,459
6573,459
6580,459
6583,459
6590,459
6613,459
6902,459
7108,459
7109,459
7259,459
7260,459
8076,459
6514,460
6515,460
6562,460
6629,460
100,461
2271,461
2275,461
2281,461
2282,461
2303,461
2858,461
3980,461
4220,461
4255,461
4542,461
4545,461
4770,461
5321,461
6512,461
6519,461
6520,461
6521,461
6522,461
6524,461
6525,461
6526,461
6527,461
6529,461
6533,461
6534,461
6539,461
6542,461
6543,461
6545,461
6546,461
6554,461
6555,461
6556,461
6557,461
6558,461
6581,461
6582,461
6587,461
6591,461
4550,463
4551,463
4553,463
5860,463
6020,463
6530,463
6555,463
6556,463
6559,463
6565,463
6566,463
6567,463
6568,463
6570,463
6572,463
6573,463
6575,463
6576,463
6577,463
6614,463
6664,463
6665,463
6666,463
6667,463
6670,463
6671,463
6674,463
6675,463
6676,463
6678,463
4236,464
4237,464
4238,464
4549,464
4552,464
4561,464
4562,464
6206,464
6560,464
6561,464
6563,464
6569,464
6579,464
8077,464
6586,465
7079,465
7080,465
317,469
1812,469
2137,469
2138,469
2143,469
2144,469
2224,469
3061,469
3063,469
3123,469
3124,469
5322,469
5908,469
5944,469
5945,469
5946,469
6508,469
6556,469
6573,469
6599,469
6611,469
6618,469
6619,469
6620,469
6621,469
6622,469
6625,469
6626,469
6630,469
6631,469
6632,469
6633,469
6635,469
6637,469
6640,469
6643,469
6648,469
6651,469
6652,469
6656,469
6657,469
6658,469
6668,469
6682,469
6683,469
6685,469
6687,469
6692,469
6693,469
6743,469
6769,469
7085,469
7088,469
7104,469
7271,469
7409,469
7410,469
7491,469
41,470
101,470
106,470
107,470
118,470
119,470
220,470
297,470
317,470
2137,470
2141,470
2146,470
2147,470
2283,470
2284,470
3917,470
3976,470
4557,470
4559,470
4560,470
5947,470
6021,470
6207,470
6607,470
6624,470
6626,470
6627,470
6628,470
6644,470
6645,470
6663,470
6679,470
6680,470
6681,470
6686,470
6687,470
6702,470
6771,470
6772,470
7258,470
7487,470
7491,470
7492,470
8079,470
8081,470
231,471
2240,471
2244,471
2262,471
2293,471
2299,471
2307,471
2459,471
2737,471
2741,471
2747,471
2772,471
2773,471
4441,471
6709,479
6924,479
6726,484
6729,484
7545,484
6778,486
7522,486
7524,486
69,488
121,488
261,488
699,488
700,488
2247,488
3649,488
3684,488
3690,488
3695,488
3696,488
3698,488
4448,488
4449,488
4512,488
4513,488
5191,488
5889,488
5890,488
6192,488
6740,488
6745,488
6746,488
6750,488
6751,488
6752,488
6753,488
6755,488
6756,488
6757,488
6789,488
7425,488
7438,488
7454,488
7502,488
7510,488
8142,488
8234,488
2524,489
4390,489
4563,489
4566,489
4581,489
4618,489
22,490
39,490
40,490
59,490
120,490
134,490
158,490
199,490
203,490
204,490
214,490
222,490
225,490
229,490
230,490
244,490
246,490
247,490
248,490
284,490
285,490
293,490
296,490
298,490
299,490
309,490
310,490
1524,490
1915,490
1917,490
1924,490
1930,490
1978,490
2242,490
2285,490
3667,490
4296,490
4304,490
4305,490
4309,490
4359,490
4366,490
4367,490
4371,490
4509,490
4558,490
4564,490
4565,490
4568,490
4950,490
5854,490
5871,490
6023,490
6182,490
6188,490
6199,490
6340,490
6342,490
6513,490
6578,490
6609,490
6615,490
6616,490
6638,490
6653,490
6669,490
6677,490
6688,490
6696,490
6698,490
6701,490
6717,490
6718,490
6719,490
6720,490
6738,490
6739,490
6742,490
6762,490
6763,490
6764,490
6765,490
6766,490
6770,490
6771,490
6774,490
6775,490
6776,490
6777,490
6782,490
6783,490
6785,490
6786,490
6787,490
6788,490
6790,490
6791,490
6797,490
6801,490
6803,490
6804,490
6806,490
6807,490
6810,490
6811,490
6812,490
6813,490
6815,490
7075,490
7086,490
7087,490
7089,490
7091,490
7111,490
7128,490
7174,490
7270,490
7271,490
7415,490
7426,490
7466,490
7499,490
7501,490
7516,490
7517,490
7519,490
7530,490
7561,490
7652,490
7653,490
8080,490
8084,490
8235,490
19,491
23,491
87,491
122,491
123,491
214,491
216,491
218,491
219,491
222,491
234,491
273,491
279,491
282,491
285,491
288,491
289,491
303,491
419,491
1086,491
1116,491
1118,491
1920,491
2286,491
2516,491
3695,491
3696,491
4360,491
4361,491
4363,491
4366,491
4368,491
4369,491
4370,491
4510,491
4511,491
4514,491
4568,491
4569,491
4592,491
6048,491
6208,491
6273,491
6623,491
6687,491
6689,491
6690,491
6694,491
6695,491
6696,491
6697,491
6699,491
6700,491
6750,491
6751,491
6787,491
6792,491
6793,491
6794,491
6796,491
6799,491
6805,491
6808,491
6809,491
6811,491
7499,491
7521,491
7528,491
7654,491
7701,491
8083,491
364,492
1260,492
1453,492
1457,492
1461,492
5189,492
5245,492
5359,492
5574,492
5576,492
5577,492
6825,492
6827,492
6828,492
6830,492
6831,492
6832,492
6833,492
6835,492
6837,492
6838,492
6839,492
6840,492
6841,492
6842,492
6844,492
6845,492
7655,492
7656,492
325,493
353,493
1386,493
1462,493
2926,493
2927,493
2928,493
3306,493
3307,493
3308,493
3310,493
4910,493
6847,493
6848,493
6849,493
6850,493
6851,493
6852,493
6854,493
6855,493
6856,493
6857,493
6858,493
6859,493
6860,493
6920,493
6921,493
6922,493
6923,493
7379,493
7380,493
7381,493
7382,493
7714,493
8413,493
8417,493
8419,493
8428,493
8429,493
8430,493
8431,493
8432,493
8447,493
8448,493
8457,493
8458,493
8460,493
8468,493
141,494
3029,494
4096,494
4097,494
4896,494
4927,494
6861,494
6862,494
6863,494
6864,494
6865,494
6866,494
6867,494
6868,494
7945,494
7955,494
7956,494
8305,494
8310,494
113,495
302,495
1705,495
4407,495
4467,495
4828,495
5700,495
6183,495
6431,495
6438,495
6573,495
6583,495
6584,495
6612,495
6617,495
6869,495
6870,495
6871,495
7245,495
7250,495
374,496
3161,496
4477,496
4543,496
4570,496
4612,496
4993,496
6356,496
6528,496
6574,496
6584,496
6585,496
7292,496
6874,498
6875,498
7771,498
7772,498
6876,499
6877,499
6879,499
6880,499
13,500
2397,500
4111,500
6884,500
6887,500
7629,500
502,502
1974,502
1987,502
3870,502
3872,502
3873,502
4389,502
6821,502
6893,502
6894,502
6897,502
6898,502
8653,502
8657,502
1847,503
1986,503
3846,503
3862,503
3873,503
3874,503
3875,503
4053,503
4103,503
4104,503
4105,503
5934,503
5942,503
6708,503
6818,503
6820,503
6890,503
6891,503
6895,503
6896,503
6897,503
6898,503
6899,503
8655,503
8658,503
1465,504
1466,504
2084,504
2085,504
4931,504
5587,504
5589,504
5615,504
5624,504
5632,504
5717,504
6853,504
6908,504
6915,504
6916,504
6924,504
7906,504
7954,504
8121,504
8421,504
1467,505
6925,505
6926,505
6933,505
6936,505
6937,505
6938,505
6939,505
2895,507
6353,507
6946,507
6947,507
6948,507
6949,507
426,508
795,508
1547,508
1548,508
2179,508
2180,508
2656,508
2669,508
2893,508
4124,508
4190,508
5920,508
5948,508
6351,508
6352,508
6353,508
6950,508
6951,508
6952,508
6953,508
6955,508
6956,508
6957,508
6958,508
7715,508
7970,508
7971,508
5044,509
5093,509
5094,509
5171,509
5917,509
5918,509
1908,511
2545,511
2546,511
4163,511
4185,511
5665,511
5666,511
6960,511
6961,511
6962,511
6963,511
6964,511
7558,511
937,514
950,514
951,514
954,514
968,514
969,514
970,514
1231,514
1339,514
1399,514
1475,514
2251,514
3332,514
3637,514
3638,514
3639,514
5020,514
5021,514
6065,514
6066,514
7002,514
7003,514
1492,516
5164,516
7026,516
7027,516
7028,516
7031,516
1430,520
1480,520
2076,520
3639,520
4160,520
5156,520
5159,520
5163,520
5580,520
5585,520
6024,520
6983,520
6984,520
6992,520
6993,520
6996,520
6997,520
6998,520
6999,520
7000,520
7001,520
7002,520
7004,520
7005,520
7006,520
7007,520
7008,520
7009,520
7010,520
7011,520
7012,520
7013,520
7014,520
7022,520
7029,520
7030,520
7049,520
7050,520
7051,520
7052,520
7053,520
7054,520
7055,520
7056,520
7968,520
919,523
4106,523
4107,523
7061,523
7062,523
7064,523
7215,523
8223,523
790,524
793,524
1272,524
2099,524
5766,524
7066,525
5767,529
7112,529
7113,529
6439,531
6440,531
7117,531
7118,531
51,532
346,532
512,532
547,532
548,532
2210,532
2230,532
2232,532
2233,532
2266,532
2287,532
2288,532
2289,532
2293,532
2297,532
2299,532
2300,532
2302,532
2783,532
4588,532
5481,532
5560,532
1941,533
2388,533
7131,533
7132,533
7133,533
7136,533
7137,533
7139,533
7140,533
7141,533
7142,533
7150,533
7151,533
7152,533
789,535
791,535
792,535
794,535
7156,535
7157,535
7160,536
7161,536
7063,537
7162,537
7163,537
7164,537
7165,537
7166,537
267,540
305,540
378,540
7177,540
7179,540
7851,540
2693,541
7214,541
7217,541
7229,542
7240,542
7241,542
7220,543
7221,543
7267,543
7268,543
7246,545
7249,545
7257,545
7266,545
7254,546
7255,546
7256,546
7233,547
7237,547
7300,549
7301,549
7303,549
7305,549
7306,549
7308,549
7309,549
7310,549
1534,550
5125,550
5130,550
5131,550
7298,550
7302,550
7303,550
7304,550
7307,550
7311,550
7312,550
7313,550
7314,550
7315,550
7316,550
7317,550
7318,550
7319,550
7320,550
7321,550
7322,550
161,552
321,552
766,552
1219,552
1220,552
1417,552
2799,552
2813,552
4127,552
4128,552
4129,552
4132,552
4679,552
4684,552
4687,552
4705,552
4706,552
4711,552
4713,552
4714,552
4718,552
4726,552
4727,552
4728,552
4729,552
4730,552
4731,552
4751,552
4764,552
4765,552
4816,552
5225,552
5565,552
5709,552
7326,552
7328,552
7329,552
7330,552
7331,552
7332,552
7333,552
7334,552
7335,552
7336,552
7338,552
7583,552
8721,552
8738,552
1904,556
1905,556
2034,556
2035,556
2404,556
2405,556
2406,556
2411,556
2452,556
2455,556
2456,556
2457,556
3876,556
4772,556
4773,556
5232,556
5233,556
7348,556
7349,556
7357,556
7358,556
7962,556
7963,556
2036,557
2456,557
4887,557
7350,557
7351,557
7352,557
7353,557
7354,557
7355,557
7356,557
7357,557
7359,557
1890,558
5762,558
7362,560
7363,560
1380,566
2152,566
2189,566
2744,566
4805,566
5474,566
7387,566
7388,566
7389,566
7390,566
7393,566
7394,566
7548,566
7549,566
7596,566
936,567
5701,567
7374,567
7375,567
391,568
392,568
407,568
408,568
415,568
417,568
516,568
517,568
518,568
524,568
533,568
535,568
536,568
538,568
539,568
540,568
541,568
542,568
543,568
545,568
2461,568
2508,568
3620,568
3622,568
3623,568
4589,568
5429,568
7171,568
7427,568
7429,568
25,569
26,569
30,569
53,569
63,569
65,569
66,569
67,569
68,569
108,569
116,569
124,569
125,569
126,569
128,569
133,569
155,569
268,569
286,569
300,569
310,569
1316,569
1446,569
1919,569
1922,569
1923,569
2205,569
2248,569
2254,569
3625,569
3646,569
3672,569
3887,569
3919,569
4279,569
4285,569
4310,569
4365,569
4387,569
4509,569
4583,569
4584,569
5851,569
5950,569
6025,569
6097,569
6100,569
6177,569
6180,569
6181,569
6184,569
6187,569
6190,569
6191,569
6195,569
6202,569
6203,569
6204,569
6205,569
6212,569
6213,569
6509,569
6516,569
6590,569
6601,569
6731,569
7075,569
7084,569
7090,569
7129,569
7406,569
7416,569
7417,569
7418,569
7419,569
7420,569
7422,569
7431,569
7435,569
7436,569
7439,569
7440,569
7467,569
7468,569
7476,569
7480,569
7482,569
7486,569
7489,569
7490,569
7503,569
7505,569
7517,569
7518,569
7531,569
7532,569
7533,569
7539,569
7540,569
7562,569
8104,569
8105,569
8711,569
93,570
148,570
382,570
7443,570
7444,570
7445,570
6,574
7,574
508,574
509,574
513,574
2235,574
2236,574
2237,574
2238,574
2256,574
2257,574
2261,574
2264,574
2291,574
2292,574
2296,574
2465,574
2467,574
2733,574
2735,574
3621,574
4292,574
4780,574
5437,574
5438,574
5439,574
5722,574
7474,574
7547,574
8,575
146,575
217,575
253,575
432,575
2460,575
7449,575
7863,575
212,576
213,576
379,576
1829,576
2525,576
3689,576
3691,576
3692,576
3693,576
3694,576
6747,576
6748,576
6754,576
6800,576
7412,576
7453,576
7509,576
7510,576
7563,576
32,578
34,578
35,578
38,578
49,578
74,578
75,578
77,578
81,578
83,578
84,578
85,578
96,578
97,578
102,578
105,578
129,578
134,578
258,578
260,578
262,578
263,578
313,578
377,578
410,578
1296,578
2538,578
2801,578
4281,578
4284,578
4289,578
4290,578
4294,578
4299,578
4300,578
4301,578
4302,578
4303,578
4362,578
4468,578
4469,578
4470,578
4571,578
5901,578
5903,578
5951,578
5988,578
6005,578
6008,578
6089,578
6178,578
6196,578
6197,578
6198,578
6200,578
6211,578
7281,578
7430,578
7433,578
7451,578
7452,578
7456,578
7457,578
7460,578
7461,578
7462,578
7463,578
7472,578
7478,578
7494,578
7533,578
7535,578
7538,578
274,579
7095,579
7483,579
7484,579
7485,579
7889,579
2535,580
6405,580
6553,580
6571,580
6659,580
339,582
3193,582
4642,582
4643,582
4644,582
6068,582
6105,582
7757,582
7763,582
460,588
461,588
464,588
465,588
473,588
476,588
493,588
495,588
910,588
1876,588
1878,588
3731,588
3812,588
3839,588
3843,588
4378,588
4391,588
4524,588
4630,588
6175,588
6457,588
6459,588
7155,588
7220,588
7222,588
7224,588
7225,588
7252,588
7253,588
7601,588
7603,588
7605,588
7607,588
7608,588
7610,588
7611,588
7613,588
7614,588
7616,588
7620,588
7621,588
7624,588
7625,588
7628,588
8228,588
467,590
472,590
474,590
475,590
503,590
1852,590
1960,590
2113,590
2114,590
2128,590
4374,590
4376,590
4591,590
4637,590
6463,590
7159,590
7606,590
7608,590
7609,590
7612,590
7617,590
7618,590
7619,590
7622,590
7623,590
7624,590
7626,590
7627,590
200,591
383,591
1081,591
1581,591
1912,591
1913,591
1916,591
1918,591
1925,591
1926,591
1928,591
1931,591
2217,591
2685,591
3647,591
3648,591
3657,591
3658,591
3660,591
3661,591
3663,591
3664,591
3665,591
3670,591
3673,591
4324,591
4342,591
4347,591
4349,591
4350,591
4456,591
6026,591
6027,591
6028,591
6029,591
6349,591
6600,591
6673,591
6779,591
6780,591
6781,591
6815,591
7527,591
7644,591
7645,591
7646,591
7647,591
7648,591
7649,591
8298,591
5804,592
5805,592
5807,592
7042,592
7043,592
7044,592
7295,592
7340,592
7341,592
7342,592
7665,592
7666,592
7669,592
7670,592
7671,592
7672,592
7673,592
7674,592
7675,592
7676,592
7691,592
7905,592
401,593
1103,593
1112,593
1113,593
1114,593
1115,593
1121,593
7343,593
7684,593
7685,593
7972,593
412,596
422,596
1893,596
1894,596
2189,596
2318,596
3504,596
3509,596
3591,596
4178,596
4179,596
4180,596
6128,596
6279,596
7718,596
7720,596
7725,596
7726,596
7727,596
7728,596
7729,596
7738,596
7742,596
7743,596
7747,596
7750,596
7754,596
7765,596
7766,596
7768,596
11,598
1294,598
5664,598
6969,598
7057,598
7058,598
7761,598
1487,606
7814,606
7815,606
7816,606
7821,606
7824,607
5791,609
7831,609
7833,609
7842,609
7848,609
368,611
2478,611
2859,611
2909,611
2912,611
2913,611
2914,611
2915,611
2916,611
3506,611
3520,611
3523,611
3525,611
3538,611
3539,611
3540,611
3541,611
3543,611
3567,611
3576,611
3582,611
4653,611
5228,611
5229,611
6082,611
7638,611
7864,611
7866,611
7867,611
7869,611
7870,611
7871,611
7872,611
7873,611
7875,611
7877,611
7878,611
8271,611
458,612
459,612
1754,612
2636,612
5563,612
5967,612
5974,612
5976,612
5978,612
7567,612
7879,612
7880,612
7882,612
7883,612
7942,615
7943,616
935,622
980,622
1504,622
1505,622
3629,622
4652,622
7032,622
7975,622
7982,622
7992,622
8031,622
8032,622
8033,622
8034,622
8035,622
8038,622
8039,622
8040,622
8053,622
8066,622
8067,622
8068,622
8106,622
8377,622
8490,622
595,623
7988,623
7991,623
7994,623
7998,623
1671,624
1673,624
1713,624
1716,624
1719,624
4523,624
5649,624
5651,624
5653,624
5654,624
5655,624
5656,624
5841,624
7978,624
7979,624
8005,624
8010,624
8011,624
8020,624
8045,624
8046,624
8051,624
8056,624
8057,624
8058,624
8059,624
8060,624
8061,624
8062,624
8063,624
8064,624
8091,624
1174,626
4418,626
8001,626
8002,626
8003,626
8004,626
8013,626
8044,626
8052,626
8065,626
8066,626
8069,626
8070,626
8071,626
8079,626
8086,626
8097,626
8098,626
8099,626
8102,626
8108,626
8291,626
8292,626
8293,626
2133,627
7275,627
7293,627
7974,627
8007,627
8008,627
8009,627
8015,627
8017,627
8018,627
8019,627
8074,627
8078,627
8082,627
8085,627
8086,627
8087,627
8088,627
8089,627
8090,627
8092,627
8093,627
8096,627
8098,627
8099,627
8100,627
8101,627
8103,627
8287,627
8288,627
8289,627
8290,627
1265,629
8127,629
8128,629
8129,629
8144,629
1720,630
1725,630
8151,630
8152,630
8153,630
8154,630
8155,630
8156,630
8157,630
8178,630
8209,630
8224,630
1599,631
1721,631
1722,631
2812,631
4167,631
4497,631
4521,631
4578,631
7063,631
7294,631
8143,631
8158,631
8159,631
8164,631
8167,631
8168,631
8171,631
8174,631
8175,631
8176,631
8177,631
8211,631
8217,631
8218,631
8221,631
8222,631
8662,631
2363,633
8165,633
8166,633
8198,633
8199,633
8200,633
8201,633
8214,633
8216,633
1723,634
1724,634
6942,634
6943,634
6944,634
7288,634
8189,634
8202,634
8203,634
4857,635
8161,635
8179,635
8188,635
8190,635
8191,635
8197,635
8207,635
8208,635
8213,635
618,636
816,636
827,636
829,636
1120,636
1123,636
1283,636
1567,636
2259,636
2557,636
3421,636
3435,636
3436,636
3797,636
3798,636
3800,636
4102,636
4258,636
4260,636
4458,636
5648,636
6079,636
6597,636
6716,636
7631,636
7687,636
7689,636
8249,636
8255,636
8256,636
8257,636
8264,636
759,639
799,639
806,639
809,639
811,639
812,639
815,639
817,639
819,639
820,639
822,639
824,639
825,639
826,639
828,639
829,639
830,639
831,639
911,639
912,639
1063,639
1064,639
1108,639
1198,639
1216,639
1290,639
1376,639
1508,639
1509,639
1830,639
1940,639
1979,639
3267,639
3280,639
3294,639
3295,639
3438,639
3809,639
3810,639
3831,639
4157,639
4234,639
4260,639
4261,639
5960,639
6055,639
6440,639
6816,639
6817,639
6822,639
6823,639
6824,639
6843,639
7115,639
7116,639
7576,639
7631,639
8139,639
8236,639
8238,639
8239,639
8240,639
8245,639
8248,639
8250,639
8252,639
8254,639
8258,639
8259,639
8260,639
8261,639
8262,639
8263,639
8265,639
8266,639
8267,639
8268,639
579,643
7983,643
8114,643
8116,643
8117,643
8118,643
8331,643
8335,643
8346,643
8347,643
8348,643
8351,643
8356,643
8357,643
8358,643
8374,643
8385,643
8386,643
8388,643
8470,643
984,644
7982,644
8353,644
8395,644
8396,644
8397,644
8398,644
8401,644
8404,644
8408,644
8411,644
8413,644
8424,644
985,645
986,645
8372,645
8373,645
8381,645
8387,645
8390,645
8392,645
8393,645
8394,645
8405,645
8407,645
8412,645
8413,645
8414,645
8420,645
8423,645
8427,645
8433,645
8434,645
8436,645
8437,645
8438,645
8439,645
8440,645
8441,645
8442,645
8443,645
8444,645
8445,645
8449,645
8451,645
8452,645
8453,645
8454,645
8456,645
8459,645
8461,645
8462,645
8463,645
8464,645
8465,645
8466,645
8467,645
8468,645
8469,645
2481,646
3030,646
7544,646
8524,646
8525,646
8539,646
8545,646
1127,647
3918,647
4058,647
4059,647
5300,647
6031,647
6729,647
8515,647
8516,647
8554,647
8555,647
372,648
400,648
750,648
1309,648
1772,648
1800,648
1801,648
1814,648
1817,648
3049,648
4061,648
4071,648
4158,648
4391,648
4952,648
4960,648
4977,648
4978,648
5269,648
5272,648
5299,648
5309,648
5326,648
5338,648
5886,648
5961,648
6030,648
6032,648
6033,648
6037,648
6728,648
6730,648
7569,648
8050,648
8122,648
8498,648
8499,648
8500,648
8501,648
8502,648
8503,648
8504,648
8505,648
8507,648
8508,648
8509,648
8510,648
8511,648
8512,648
8513,648
8514,648
8520,648
8551,648
8552,648
8553,648
8554,648
8557,648
8558,648
8559,648
8560,648
8561,648
8562,648
8567,648
8568,648
8579,648
8580,648
8585,648
8595,648
8621,648
1815,649
2938,649
3011,649
3600,649
5924,649
5962,649
6004,649
6039,649
7273,649
7664,649
8269,649
8546,649
8549,649
8550,649
8563,649
8564,649
8565,649
8572,649
8583,649
8586,649
479,652
486,652
1301,652
1982,652
4070,652
7324,652
7325,652
8517,652
8601,652
8618,652
8620,652
8664,652
227,653
228,653
463,653
477,653
478,653
479,653
480,653
481,653
487,653
488,653
796,653
797,653
1778,653
3023,653
3024,653
3051,653
3052,653
3840,653
3841,653
3842,653
3883,653
4101,653
4391,653
5995,653
6176,653
6892,653
7067,653
7068,653
7072,653
7073,653
7153,653
7604,653
7658,653
8123,653
8170,653
8587,653
8594,653
8596,653
8597,653
8598,653
8599,653
8600,653
8603,653
8610,653
8620,653
8624,653
8626,653
8628,653
8634,653
8636,653
8638,653
8645,653
8660,653
8661,653
8665,653
1775,654
1776,654
3400,654
3880,654
4088,654
5339,654
7069,654
7070,654
7074,654
7571,654
8225,654
8226,654
8227,654
8601,654
8602,654
8604,654
8632,654
8633,654
8648,654
8657,654
8659,654
376,656
484,656
485,656
496,656
497,656
780,656
781,656
782,656
783,656
784,656
785,656
1962,656
1975,656
1983,656
8654,656
497,657
504,657
505,657
782,657
783,657
801,657
1957,657
1984,657
4118,657
8605,657
8607,657
8608,657
8609,657
8739,657
1846,658
3399,658
3984,658
8613,658
8614,658
8615,658
8663,658
1419,659
3869,659
3879,659
4638,659
8627,659
6889,660
8650,660
8651,660
8652,660
4089,661
4090,661
4852,661
5329,661
8622,661
308,662
602,662
613,662
614,662
623,662
624,662
657,662
740,662
3989,662
5847,662
8667,662
8683,662
8687,662
8688,662
8689,662
8690,662
8691,662
2893,663
8692,663
8694,663
8695,663
8696,663
8697,663
8698,663
8699,663
406,666
413,666
414,666
2252,666
6655,666
3036,10001
3037,10001
7957,10001
7958,10001
7959,10001
7960,10001
8149,10003
8150,10003
154,10007
1162,10007
1163,10007
1164,10007
1165,10007
5152,10007
5936,10007
7119,10007
2431,10008
2433,10008
2434,10008
2437,10008
2438,10008
2442,10008
2445,10008
2446,10008
2447,10008
2448,10008
5728,10008
5729,10008
5731,10008
5733,10008
5734,10008
5735,10008
5736,10008
5737,10008
5738,10008
5739,10008
5741,10008
5742,10008
5743,10008
5745,10008
5746,10008
5748,10008
5749,10008
5755,10008
5757,10008
5758,10008
5759,10008
5761,10008
5763,10008
5231,10009
7948,10009
331,10010
336,10010
2918,10010
3031,10010
3032,10010
3046,10010
3047,10010
3048,10010
4098,10010
4948,10010
7749,10010
7876,10010
7949,10010
8519,10010
8521,10010
8522,10010
8523,10010
8525,10010
8526,10010
8527,10010
8528,10010
8529,10010
8530,10010
8531,10010
8534,10010
8535,10010
8537,10010
8541,10010
8542,10010
8543,10010
8544,10010
3544,10011
7762,10011
7861,10011
3164,10012
3165,10012
5984,10014
498,10015
696,10015
4168,10015
4217,10015
4219,10015
4221,10015
4223,10015
4224,10015
4226,10015
4228,10015
4229,10015
4230,10015
4231,10015
4232,10015
4233,10015
4235,10015
4239,10015
4244,10015
4246,10015
4249,10015
4509,10015
4949,10015
5191,10015
5205,10015
6535,10015
5261,10016
5263,10016
5264,10016
5265,10016
5266,10016
5267,10016
4,10017
1307,10017
1308,10017
2855,10017
4494,10017
4603,10017
4983,10017
4985,10017
4987,10017
4989,10017
4992,10017
5293,10017
5294,10017
5304,10017
5311,10017
5332,10017
6022,10017
6165,10017
6166,10017
6167,10017
6168,10017
6540,10017
7106,10017
8640,10017
149,10018
500,10018
501,10018
2398,10018
5001,10018
5002,10018
5004,10018
5005,10018
5008,10018
5009,10018
5010,10018
5011,10018
5012,10018
6275,10018
6276,10018
6277,10018
7595,10018
2527,10019
2532,10019
2533,10019
2534,10019
4488,10019
4489,10019
4589,10019
769,10020
770,10020
771,10020
773,10020
778,10020
779,10020
2347,10020
2350,10020
2351,10020
2354,10020
2355,10020
2356,10020
2358,10020
2361,10020
2362,10020
2923,10020
4385,10020
4694,10020
4695,10020
4696,10020
4697,10020
4716,10020
5658,10020
5882,10020
6014,10020
7333,10020
424,10024
425,10024
499,10024
2189,10024
2195,10024
2319,10024
2321,10024
2399,10024
4112,10024
4156,10024
4655,10024
5000,10024
5003,10024
5004,10024
5006,10024
5007,10024
5009,10024
5010,10024
5013,10024
5014,10024
6059,10024
6277,10024
163,10025
257,10025
276,10025
277,10025
303,10025
369,10025
402,10025
403,10025
404,10025
405,10025
4453,10025
4454,10025
6269,10025
6270,10025
205,10026
1079,10026
1080,10026
1104,10026
1106,10026
1109,10026
1124,10026
1271,10026
1281,10026
1282,10026
1285,10026
6120,10026
6121,10026
6795,10026
8135,10026
8136,10026
8138,10026
8141,10026
8162,10026
457,10027
772,10027
1910,10027
2454,10027
4734,10027
4735,10027
4736,10027
4737,10027
4738,10027
4739,10027
4740,10027
4741,10027
4742,10027
4743,10027
4744,10027
4745,10027
4747,10027
4748,10027
4749,10027
4750,10027
4766,10027
5659,10027
5660,10027
5661,10027
6481,10027
6490,10027
6491,10027
6492,10027
6493,10027
6494,10027
6495,10027
6496,10027
7364,10027
8215,10027
235,10028
236,10028
6268,10028
6272,10028
7522,10028
7524,10028
7565,10028
977,10029
979,10029
981,10029
1333,10029
1344,10029
1505,10029
5847,10029
7033,10029
7976,10029
7987,10029
7999,10029
8000,10029
8022,10029
8025,10029
8029,10029
8030,10029
8032,10029
8036,10029
8037,10029
8039,10029
8040,10029
8041,10029
8068,10029
8108,10029
8119,10029
2581,10030
2640,10030
2641,10030
2650,10030
2651,10030
2652,10030
2653,10030
2654,10030
2655,10030
319,10031
322,10031
382,10031
416,10031
786,10031
890,10031
1056,10031
1370,10031
1372,10031
1374,10031
1497,10031
1527,10031
1528,10031
2267,10031
2599,10031
2600,10031
2608,10031
2610,10031
2622,10031
2626,10031
2634,10031
2635,10031
2638,10031
2639,10031
2644,10031
2659,10031
2660,10031
2661,10031
2662,10031
2663,10031
2664,10031
2665,10031
2670,10031
2671,10031
2745,10031
2746,10031
2785,10031
3498,10031
5351,10031
5352,10031
5360,10031
5361,10031
5448,10031
5560,10031
5954,10031
6254,10031
6256,10031
6959,10031
7404,10031
7961,10031
7964,10031
7965,10031
4654,10032
5806,10032
5808,10032
7686,10032
4336,10034
4338,10034
4351,10034
5501,10034
5507,10034
5508,10034
5509,10034
5510,10034
5511,10034
5515,10034
6019,10034
7643,10034
7895,10034
7913,10034
1402,10035
1468,10035
6988,10035
6989,10035
6991,10035
7966,10035
286,10036
3670,10036
6209,10036
7493,10036
7495,10036
7496,10036
7497,10036
7498,10036
7500,10036
7506,10036
7507,10036
7508,10036
7511,10036
7512,10036
7513,10036
7514,10036
7515,10036
7520,10036
7523,10036
7525,10036
7533,10036
1707,10037
4164,10037
4166,10037
6927,10037
6928,10037
6929,10037
6931,10037
6932,10037
6934,10037
6935,10037
6936,10037
6940,10037
6941,10037
6942,10037
1085,10038
1096,10038
1097,10038
1101,10038
1102,10038
1105,10038
1107,10038
1111,10038
1117,10038
1279,10038
1280,10038
3255,10038
418,10039
764,10039
774,10039
776,10039
1180,10039
4673,10039
4677,10039
4725,10039
4753,10039
4754,10039
4755,10039
4757,10039
4758,10039
4759,10039
4762,10039
4811,10039
6594,10039
8300,10039
332,10040
335,10040
354,10040
357,10040
450,10040
881,10040
1318,10040
1361,10040
1389,10040
1390,10040
1452,10040
2487,10040
2828,10040
2901,10040
2905,10040
2906,10040
2908,10040
3513,10040
3516,10040
3517,10040
3518,10040
3519,10040
3521,10040
3522,10040
3524,10040
3528,10040
3529,10040
3530,10040
3532,10040
3534,10040
3535,10040
3536,10040
3546,10040
3552,10040
3558,10040
3571,10040
3572,10040
3573,10040
3575,10040
3588,10040
3592,10040
3594,10040
3598,10040
3599,10040
4161,10040
5368,10040
6082,10040
7543,10040
7635,10040
7642,10040
7717,10040
7868,10040
7874,10040
7944,10040
8270,10040
8277,10040
8281,10040
8533,10040
725,10041
726,10041
729,10041
730,10041
731,10041
732,10041
736,10041
737,10041
2554,10041
2555,10041
2556,10041
2561,10041
2571,10041
4681,10041
4682,10041
4683,10041
4829,10041
7580,10041
7582,10041
8023,10041
8026,10041
1494,10043
1495,10043
1499,10043
5051,10043
7907,10043
7923,10043
7928,10043
2877,10045
2883,10045
2888,10045
2889,10045
2890,10045
5553,10045
5557,10045
5558,10045
5972,10045
2887,10046
3429,10046
180,10047
181,10047
958,10047
1213,10047
1222,10047
1223,10047
1225,10047
1226,10047
1255,10047
1256,10047
1263,10047
1300,10047
1369,10047
1396,10047
1400,10047
1425,10047
1426,10047
1427,10047
1431,10047
1437,10047
1477,10047
1482,10047
1821,10047
2077,10047
2083,10047
2392,10047
3602,10047
4143,10047
4194,10047
4656,10047
4663,10047
4664,10047
5049,10047
5136,10047
5182,10047
5243,10047
5244,10047
5578,10047
5582,10047
5583,10047
5657,10047
5797,10047
5799,10047
5800,10047
6171,10047
7997,10047
8055,10047
1876,10048
4078,10048
4462,10048
1624,10049
1823,10049
1824,10049
47,10050
1617,10050
1698,10050
3942,10050
3943,10050
3945,10050
3946,10050
4459,10050
4463,10050
4536,10050
4610,10050
4614,10050
4619,10050
4988,10050
5323,10050
6400,10050
6401,10050
6406,10050
6407,10050
6408,10050
6519,10050
6626,10050
6846,10050
3979,10051
8024,10052
4650,10115
45,10116
46,10116
48,10116
209,10116
1605,10116
1633,10116
1635,10116
2096,10116
2372,10116
2373,10116
2374,10116
2376,10116
2377,10116
2380,10116
2384,10116
2385,10116
2498,10116
2929,10116
4509,10116
6639,10116
6646,10116
6647,10116
6872,10116
6873,10116
7081,10116
7083,10116
7096,10116
8708,10116
8728,10116
27,10117
28,10117
29,10117
73,10117
77,10117
78,10117
110,10117
135,10117
136,10117
190,10117
266,10117
278,10117
286,10117
287,10117
290,10117
291,10117
363,10117
381,10117
382,10117
397,10117
431,10117
433,10117
434,10117
514,10117
1367,10117
1558,10117
1761,10117
1921,10117
2093,10117
2184,10117
2255,10117
2308,10117
2310,10117
2469,10117
2507,10117
2526,10117
2528,10117
2529,10117
2537,10117
2748,10117
2837,10117
2951,10117
3645,10117
3659,10117
3666,10117
3808,10117
4278,10117
4282,10117
4287,10117
4291,10117
4297,10117
4307,10117
4308,10117
4476,10117
4509,10117
4589,10117
4996,10117
5547,10117
5899,10117
5900,10117
5902,10117
5903,10117
5904,10117
6006,10117
6007,10117
6008,10117
6009,10117
6179,10117
6193,10117
6201,10117
6691,10117
7093,10117
7105,10117
7190,10117
7191,10117
7192,10117
7193,10117
7289,10117
7405,10117
7428,10117
7444,10117
7455,10117
7479,10117
7533,10117
7536,10117
7546,10117
7554,10117
8042,10117
8043,10117
2530,10118
2531,10118
6642,10118
3686,10119
2449,10120
7677,10120
62,10139
239,10139
580,10139
587,10139
590,10139
591,10139
592,10139
593,10139
605,10139
1153,10139
1217,10139
3419,10139
3654,10139
3982,10139
6265,10139
8672,10139
4784,10140
6108,10140
557,10141
558,10141
566,10141
1151,10141
1395,10141
1473,10141
2322,10141
2386,10141
2625,10141
3989,10141
4013,10141
7887,10141
1,10142
21,10142
88,10142
104,10142
202,10142
245,10142
489,10142
832,10142
833,10142
835,10142
903,10142
904,10142
905,10142
906,10142
907,10142
908,10142
1049,10142
1232,10142
1331,10142
1535,10142
1765,10142
1903,10142
2162,10142
2165,10142
2807,10142
2809,10142
2811,10142
2825,10142
2862,10142
3607,10142
3985,10142
3986,10142
4011,10142
4014,10142
4016,10142
4017,10142
4136,10142
4818,10142
5055,10142
5839,10142
5852,10142
5853,10142
5857,10142
5859,10142
5871,10142
5874,10142
5907,10142
5949,10142
5955,10142
6425,10142
6427,10142
6434,10142
6435,10142
6505,10142
7125,10142
7196,10142
7197,10142
7205,10142
7283,10142
7289,10142
7572,10142
162,10143
362,10143
818,10143
1043,10143
1044,10143
1052,10143
1320,10143
1330,10143
1379,10143
1455,10143
1456,10143
1510,10143
1526,10143
1770,10143
1938,10143
2134,10143
2314,10143
2403,10143
2792,10143
2794,10143
2808,10143
2821,10143
2822,10143
2824,10143
2836,10143
2853,10143
3270,10143
3619,10143
3722,10143
3723,10143
3724,10143
3725,10143
3726,10143
3727,10143
3801,10143
3807,10143
3813,10143
3814,10143
3822,10143
3831,10143
3990,10143
4010,10143
4015,10143
4259,10143
5801,10143
5926,10143
5927,10143
5934,10143
6263,10143
6722,10143
6732,10143
6836,10143
7027,10143
7124,10143
7154,10143
7195,10143
7204,10143
7208,10143
7213,10143
8302,10143
8717,10143
8723,10143
8732,10143
8737,10143
137,10145
173,10145
395,10145
445,10145
739,10145
1034,10145
1035,10145
1036,10145
1037,10145
1038,10145
1039,10145
1040,10145
1041,10145
1046,10145
1047,10145
1048,10145
1051,10145
1221,10145
1224,10145
1234,10145
1257,10145
1270,10145
1346,10145
1355,10145
1424,10145
1433,10145
1445,10145
1447,10145
1448,10145
1458,10145
1460,10145
1472,10145
1532,10145
1768,10145
1769,10145
1771,10145
1773,10145
1884,10145
1909,10145
2149,10145
2150,10145
2277,10145
2278,10145
2279,10145
2391,10145
2394,10145
2396,10145
2410,10145
2513,10145
2582,10145
2609,10145
2658,10145
2668,10145
2721,10145
2722,10145
2723,10145
2795,10145
2819,10145
2835,10145
2854,10145
2921,10145
3601,10145
4009,10145
4012,10145
4640,10145
4724,10145
4995,10145
5141,10145
5143,10145
5167,10145
5245,10145
5246,10145
5356,10145
5411,10145
5647,10145
5703,10145
5713,10145
5834,10145
5849,10145
5858,10145
5925,10145
5928,10145
5933,10145
5943,10145
6127,10145
6215,10145
6227,10145
6228,10145
6229,10145
6230,10145
6231,10145
6232,10145
6233,10145
6234,10145
6235,10145
6236,10145
6237,10145
6238,10145
6239,10145
6240,10145
6241,10145
6242,10145
6243,10145
6244,10145
6246,10145
6247,10145
6248,10145
6249,10145
6251,10145
6252,10145
6253,10145
6254,10145
6257,10145
6258,10145
6259,10145
6324,10145
6424,10145
6426,10145
6428,10145
6429,10145
6504,10145
6606,10145
7170,10145
7175,10145
7188,10145
7199,10145
7200,10145
7201,10145
7203,10145
7206,10145
7207,10145
7209,10145
7373,10145
7383,10145
7555,10145
7559,10145
7574,10145
7711,10145
7712,10145
7783,10145
7805,10145
7827,10145
7852,10145
7884,10145
7890,10145
7891,10145
7892,10145
7893,10145
7894,10145
7897,10145
8309,10145
8311,10145
8323,10145
8324,10145
8325,10145
8704,10145
8705,10145
8706,10145
1091,10147
1092,10147
1093,10147
1095,10147
1098,10147
1122,10147
1125,10147
2131,10147
1214,10148
1321,10148
1334,10148
1402,10148
8229,10148
8230,10148
131,10149
140,10149
208,10149
358,10149
1767,10149
2153,10149
2155,10149
2157,10149
2159,10149
2161,10149
2166,10149
2167,10149
2168,10149
2176,10149
2178,10149
2181,10149
2182,10149
2186,10149
2189,10149
2194,10149
2198,10149
2619,10149
3040,10149
4141,10149
4421,10149
5172,10149
5342,10149
5549,10149
5840,10149
5879,10149
5880,10149
6274,10149
7657,10149
160,10150
275,10150
520,10150
549,10150
2152,10150
2163,10150
2175,10150
2189,10150
2225,10150
2236,10150
2237,10150
2239,10150
2257,10150
2258,10150
2274,10150
2295,10150
2306,10150
2466,10150
2467,10150
2468,10150
2734,10150
2735,10150
7277,10150
669,10152
682,10152
2553,10152
55,10153
211,10153
1302,10153
1303,10153
3057,10153
3067,10153
3068,10153
3069,10153
3070,10153
3074,10153
3078,10153
3079,10153
3081,10153
3082,10153
3090,10153
3092,10153
3093,10153
3094,10153
3097,10153
3098,10153
3099,10153
3102,10153
3104,10153
3106,10153
3110,10153
3111,10153
3112,10153
3114,10153
3115,10153
3116,10153
3117,10153
3118,10153
3119,10153
3120,10153
3121,10153
3125,10153
3126,10153
3127,10153
3129,10153
3130,10153
3131,10153
3132,10153
3133,10153
4445,10153
611,10154
3669,10154
4195,10154
4211,10154
4213,10154
4538,10154
6410,10154
6473,10154
8668,10154
8673,10154
8674,10154
8678,10154
8679,10154
8680,10154
8682,10154
334,10156
355,10156
492,10156
876,10156
1486,10156
2156,10156
2189,10156
2196,10156
2197,10156
2320,10156
2552,10156
2873,10156
3590,10156
4181,10156
4182,10156
5179,10156
5180,10156
6110,10156
6129,10156
6130,10156
7597,10156
7721,10156
7722,10156
7723,10156
7724,10156
7726,10156
7728,10156
7730,10156
7732,10156
7733,10156
7734,10156
7735,10156
7736,10156
7737,10156
7738,10156
7739,10156
7748,10156
7749,10156
7753,10156
7754,10156
7758,10156
7764,10156
7769,10156
7902,10156
193,10157
194,10157
977,10157
982,10157
983,10157
987,10157
1268,10157
1269,10157
1344,10157
1345,10157
5608,10157
5609,10157
5617,10157
5636,10157
7403,10157
8112,10157
8328,10157
8329,10157
8330,10157
8332,10157
8337,10157
8338,10157
8339,10157
8340,10157
8341,10157
8344,10157
8345,10157
8349,10157
8350,10157
8351,10157
8352,10157
8354,10157
8358,10157
8359,10157
8361,10157
8362,10157
8363,10157
8364,10157
8371,10157
8376,10157
8377,10157
8391,10157
8435,10157
8446,10157
8471,10157
8473,10157
8474,10157
8488,10157
99,21001
103,21001
215,21001
221,21001
223,21001
232,21001
233,21001
254,21001
255,21001
269,21001
271,21001
272,21001
280,21001
281,21001
283,21001
286,21001
294,21001
301,21001
304,21001
306,21001
307,21001
315,21001
316,21001
382,21001
1525,21001
2475,21001
2479,21001
2796,21001
3987,21001
4364,21001
4520,21001
5275,21001
5843,21001
5844,21001
5872,21001
6050,21001
6194,21001
6610,21001
6634,21001
6683,21001
6768,21001
7092,21001
7187,21001
7202,21001
7973,21001
8137,21001
8295,21001
8707,21001
389,21004
787,21004
788,21004
2551,21004
6602,21004
6603,21004
1150,21005
1236,21005
1237,21005
1238,21005
1239,21005
1242,21005
1261,21005
1264,21005
1375,21005
1470,21005
1481,21005
1490,21005
1500,21005
1501,21005
1506,21005
2069,21005
2074,21005
2086,21005
3314,21005
5139,21005
5145,21005
5164,21005
5165,21005
5245,21005
5427,21005
5494,21005
5778,21005
5779,21005
5791,21005
5794,21005
6218,21005
6222,21005
6223,21005
6986,21005
7017,21005
7019,21005
7020,21005
7039,21005
7048,21005
7114,21005
7828,21005
7830,21005
7832,21005
7835,21005
7936,21005
7937,21005
7938,21005
1603,21006
1612,21006
1619,21006
1629,21006
42,21007
207,21007
1099,21007
1100,21007
2098,21007
2100,21007
2101,21007
2102,21007
2104,21007
2105,21007
2107,21007
2109,21007
2110,21007
2111,21007
2112,21007
2117,21007
2118,21007
2120,21007
2126,21007
2127,21007
2130,21007
2276,21007
2576,21007
2579,21007
4257,21007
4419,21007
4432,21007
4951,21007
6189,21007
6460,21007
6712,21007
6713,21007
6798,21007
7448,21007
8094,21007
43,21008
206,21008
2094,21008
2095,21008
2107,21008
2108,21008
2121,21008
2122,21008
2125,21008
2129,21008
2572,21008
2573,21008
2575,21008
2577,21008
2578,21008
2580,21008
3687,21008
5652,21008
6339,21008
8014,21008
578,21009
1205,21009
1206,21009
1207,21009
1378,21009
2073,21009
2683,21009
2687,21009
2688,21009
2690,21009
2691,21009
4439,21009
4631,21009
5166,21009
7984,21009
7985,21009
8003,21009
8021,21009
8110,21009
8126,21009
2867,21010
2868,21010
2870,21010
4030,21010
6137,21010
2,21011
3,21011
2629,21011
2633,21011
2771,21011
3170,21011
3171,21011
3174,21011
3175,21011
3177,21011
3178,21011
3179,21011
3185,21011
3187,21011
3188,21011
3206,21011
3210,21011
3212,21011
3213,21011
3214,21011
3215,21011
3216,21011
3217,21011
3220,21011
3240,21011
3241,21011
3242,21011
5442,21011
5446,21011
5450,21011
5451,21011
5452,21011
5453,21011
7552,21011
4115,21013
4540,21013
8273,21013
1391,21014
4334,21014
4471,21014
4863,21014
4879,21014
5234,21014
5236,21014
6419,21014
8195,21014
4352,21015
4353,21015
4354,21015
4052,21016
4053,21016
4054,21016
4084,21016
4830,21016
4831,21016
4858,21016
6418,21016
4926,21017
595,21018
1190,21018
1191,21018
1192,21018
1251,21018
2676,21018
2680,21018
2682,21018
2683,21018
4435,21018
4436,21018
4437,21018
4506,21018
4608,21018
4609,21018
4651,21018
5817,21018
5819,21018
5820,21018
5821,21018
5842,21018
6980,21018
7759,21018
8109,21018
8111,21018
2893,21019
5173,21019
8312,21019
8313,21019
8314,21019
60,21020
1230,21020
3342,21020
3343,21020
6047,21020
6054,21020
6057,21020
6058,21020
6087,21020
6088,21020
14,21021
1990,21021
4123,21021
4124,21021
24,21022
127,21022
130,21022
2243,21022
2514,21022
2515,21022
3655,21022
3673,21022
3678,21022
6181,21022
6185,21022
6195,21022
6202,21022
6210,21022
6212,21022
6741,21022
7411,21022
7413,21022
7431,21022
7432,21022
7434,21022
7440,21022
7441,21022
7442,21022
7447,21022
7477,21022
7481,21022
7488,21022
7526,21022
7529,21022
7532,21022
7533,21022
7534,21022
7537,21022
7560,21022
7564,21022
7690,21022
6343,21023
7473,21023
7692,21024
7693,21024
7694,21024
7695,21024
7696,21024
7697,21024
7698,21024
7699,21024
7700,21024
8306,21024
4355,21025
4636,21025
4944,21025
7731,21025
7740,21025
7744,21025
7752,21025
7755,21025
7756,21025
7950,21025
7951,21025
8556,21026
237,21027
1078,21027
1266,21027
1304,21027
1407,21027
1411,21027
1474,21027
1700,21027
1845,21027
2536,21027
2689,21027
3354,21027
3896,21027
3904,21027
3905,21027
4464,21027
4517,21027
4572,21027
4590,21027
4611,21027
4615,21027
4627,21027
4942,21027
4943,21027
6879,21027
7219,21027
7798,21027
7799,21027
