integrated_code,cert_id
7,M244
7,S010
13,T033
13,T070
13,T092
13,T099
13,T210
13,T213
21,M263
21,M264
21,M265
21,M274
21,M275
21,M276
21,M277
21,T088
21,T089
21,T625
21,T651
22,M107
22,M108
22,S008
22,S023
22,S024
22,S025
22,S026
22,S114
22,S133
22,S189
22,S190
22,S191
22,T394
22,T621
22,T622
22,T623
22,T636
22,T637
23,S008
23,S023
23,S024
23,S025
23,S026
23,S028
23,S030
23,S043
23,S114
23,S133
23,S135
23,S156
23,S165
23,S166
23,S167
23,T075
23,T076
23,T400
23,T401
23,T444
23,T445
23,T621
23,T622
23,T623
23,T636
23,T637
23,T638
24,M010
24,M011
24,M105
24,M106
24,M107
24,M108
24,S030
24,S114
24,S156
24,S189
24,S190
24,S191
24,T621
24,T622
24,T623
25,M047
25,M087
25,M088
25,M090
25,M093
25,S008
25,S030
25,S043
25,S133
25,S135
25,S156
26,M086
26,S078
26,S201
26,S202
27,M086
27,S078
27,S199
27,S201
27,T173
28,M086
28,S078
28,S153
28,S154
28,S174
28,S201
29,S068
29,S069
29,S070
29,S071
29,S072
29,S074
29,S116
29,S214
29,S215
30,T168
30,T169
30,T181
30,T350
30,T601
33,T003
33,T082
33,T123
33,T541
34,T001
34,T082
34,T468
34,T541
35,T103
35,T117
35,T168
35,T169
35,T181
35,T350
35,T460
35,T544
35,T601
37,S104
37,S105
37,S106
37,S107
37,S108
37,S109
37,S110
37,S111
37,S112
37,T075
37,T076
37,T363
38,T080
38,T267
38,T325
39,T003
39,T082
39,T123
39,T267
39,T541
41,T190
41,T265
41,T271
41,T337
41,T423
45,S031
45,S032
45,S033
45,S034
45,S035
45,S036
45,S037
45,S038
45,S039
45,S040
45,S041
45,S042
45,S076
45,S257
45,S259
46,S031
46,S032
46,S033
46,S034
46,S035
46,S036
46,S037
46,S038
46,S039
46,S040
46,S041
46,S042
46,S257
46,S261
48,S031
48,S032
48,S033
48,S034
48,S035
48,S036
48,S037
48,S038
48,S039
48,S040
48,S041
48,S042
48,S076
48,S259
48,T259
50,M097
50,T075
50,T076
51,T082
51,T335
51,T469
51,T541
54,M056
54,M057
54,M058
54,S104
54,S105
54,S106
54,S107
54,S108
54,S109
54,S110
54,S111
54,S112
54,T088
54,T089
54,T400
54,T401
55,T250
55,T253
56,M220
57,T400
57,T401
59,M220
59,S237
59,S238
59,S239
59,S243
59,S244
59,S245
59,T035
59,T036
59,T400
59,T401
61,S008
61,T031
61,T256
61,T257
61,T321
68,S214
68,S215
69,M269
69,M270
69,M271
69,M272
69,M273
69,S214
69,S215
69,S247
70,S023
70,S024
70,S025
70,S026
70,S043
70,S114
70,S189
70,S190
70,S191
72,M064
72,M139
72,M140
72,S016
72,S017
72,S018
72,S019
72,S020
72,S021
72,S023
72,S024
72,S025
72,S026
72,S043
72,S114
72,S131
72,S189
72,S190
72,S191
72,T400
72,T401
72,T636
72,T637
72,T638
74,M121
74,M257
74,M258
74,S031
74,S032
74,S033
74,S034
74,S035
74,S036
74,S037
74,S038
74,S039
74,S040
74,S041
74,S042
77,T267
77,T372
77,T373
78,T267
78,T274
78,T372
78,T373
79,T022
79,T023
79,T270
79,T274
79,T275
79,T279
82,M119
82,S133
82,S135
82,S165
82,S166
82,S167
83,M047
83,M079
83,M080
83,M081
83,M087
83,M088
83,M090
83,M093
83,M104
83,M105
83,M106
83,M107
83,M108
83,M202
83,M203
83,S030
83,S133
83,S135
83,S156
83,S165
83,S166
83,S167
83,T621
83,T622
83,T623
85,T134
85,T276
85,T290
85,T398
85,T592
85,T645
86,T011
86,T200
86,T202
86,T206
86,T241
86,T287
86,T307
86,T410
86,T568
87,T085
87,T134
87,T207
87,T290
87,T293
87,T398
87,T533
87,T588
87,T592
87,T645
88,T011
88,T200
88,T202
88,T206
88,T241
88,T287
88,T307
88,T410
88,T568
89,T085
89,T243
89,T290
89,T293
89,T592
93,M223
94,T139
96,T168
96,T274
96,T276
102,M222
102,S139
102,S268
103,M222
103,S139
103,S222
103,S268
104,T018
104,T306
104,T307
104,T546
106,T451
106,T454
106,T511
107,S008
107,S023
107,S024
107,S025
107,S026
107,S030
107,S043
107,S114
107,S189
107,S190
107,S191
111,T295
111,T316
114,S153
114,S154
117,S008
117,S029
117,T321
118,S008
118,T097
118,T208
118,T209
118,T217
118,T227
118,T256
118,T257
118,T321
118,T323
120,M228
120,M243
120,T003
120,T079
120,T080
120,T082
120,T325
121,T325
122,M012
122,S031
122,S182
122,S257
122,S259
124,M012
124,M142
124,M144
124,M231
124,S031
124,S076
126,S006
126,T064
126,T065
126,T419
126,T594
127,S032
127,S033
127,S034
127,S037
127,S040
127,S041
127,S042
127,S076
128,M243
128,S116
131,M142
131,M144
131,M231
132,M013
132,S032
132,S182
132,S257
132,S259
134,M013
134,M142
134,M144
134,M231
134,S032
134,S076
135,S153
135,S154
135,S194
135,S196
140,S153
140,S154
143,S114
143,S189
143,S190
143,S191
143,T636
143,T637
144,M127
144,T079
144,T335
144,T468
144,T541
148,T088
148,T089
148,T335
148,T469
148,T541
148,T652
149,M056
149,M057
149,M058
149,T335
149,T651
150,T343
150,T344
150,T345
150,T346
151,T330
151,T333
151,T409
151,T424
151,T568
151,T607
151,T632
152,T204
152,T290
152,T592
152,T609
152,T635
155,T001
155,T190
155,T220
155,T468
158,M215
158,M240
158,M241
158,S078
158,S201
163,M220
163,M221
163,M226
164,M269
164,M270
164,M271
164,M272
164,M273
164,S214
164,S215
164,S247
165,M221
165,S214
165,S215
166,M204
166,M259
166,M260
166,S214
166,S215
166,T088
166,T089
167,M224
167,S031
167,S032
167,S033
167,S034
167,S035
167,S036
167,S037
167,S038
167,S039
167,S040
167,S041
167,S042
167,S076
167,S257
167,S259
167,T076
169,M224
169,S068
169,S069
169,S070
169,S071
169,S072
169,S074
169,S116
172,M004
172,M005
172,M006
172,M007
172,M036
172,M037
172,M038
172,M115
172,M235
172,S023
172,S024
172,S025
172,S026
172,S114
172,S189
172,S190
172,S191
172,T625
172,T649
172,T651
172,T654
177,S119
177,S124
177,T358
177,T515
177,T537
178,S104
178,S105
178,S106
178,S107
178,S108
178,S109
178,S110
178,S111
178,S112
179,M142
179,M144
179,M231
179,M248
179,S038
181,S104
181,S105
181,S106
181,S107
181,S108
181,S109
181,S110
181,S111
181,S112
181,T362
184,S116
186,T345
186,T346
190,T020
190,T317
190,T350
190,T419
190,T420
190,T461
190,T487
195,T435
195,T607
195,T632
196,S118
196,S119
199,S104
199,S105
199,S106
199,S107
199,S108
199,S109
199,S110
199,S111
199,S112
199,T082
200,S104
200,S105
200,S106
200,S107
200,S108
200,S109
200,S110
200,S111
200,S112
200,T363
200,T524
202,S008
202,S028
202,S029
202,S043
202,S122
202,S156
203,S008
203,S028
203,S029
203,S043
203,S122
203,S124
203,S156
203,S275
208,S023
208,S024
208,S025
208,S026
208,S189
208,S190
208,S191
210,M215
210,M240
210,M241
210,S012
210,S126
210,S127
210,S128
210,S188
210,S197
213,M068
213,S011
213,S126
213,S127
213,S128
213,S197
214,M068
214,M145
214,M232
214,M234
214,M255
214,S126
214,S127
214,S128
214,S197
215,S188
215,T119
215,T317
215,T415
215,T448
215,T461
216,M123
216,T080
216,T267
216,T373
216,T374
220,S008
220,S016
220,S017
220,S018
220,S019
220,S020
220,S021
220,S029
220,S229
221,S008
221,S016
221,S017
221,S018
221,S019
221,S020
221,S021
221,S029
221,S229
226,S035
226,S182
226,S257
226,S259
227,M003
227,M225
227,T088
227,T089
227,T095
227,T385
227,T386
227,T387
227,T535
228,M225
228,S202
228,T385
228,T386
228,T387
232,T154
232,T395
232,T566
234,M078
234,T082
234,T155
234,T327
234,T395
234,T468
234,T541
236,S061
236,S116
236,S214
236,S215
239,S139
239,S234
239,S235
239,S236
239,S237
239,S238
239,S239
240,M083
240,S139
240,S234
240,S235
240,S236
240,S237
240,S238
240,S239
240,T035
240,T036
241,M215
241,S194
241,S196
241,S237
241,S238
241,S239
242,M215
242,S194
242,S196
242,S237
242,S238
242,S239
243,M121
243,M257
243,M258
243,T400
243,T401
245,M252
245,T018
245,T406
245,T419
245,T420
245,T579
245,T594
246,S114
246,T129
246,T412
247,S008
247,S023
247,S024
247,S025
247,S026
247,S028
247,S030
247,S114
247,S156
247,T128
247,T400
247,T401
247,T411
247,T564
250,S114
250,T128
250,T411
252,T003
252,T080
252,T082
252,T123
252,T469
252,T541
253,T003
253,T079
253,T082
253,T123
253,T469
253,T541
255,S158
255,T196
255,T412
255,T544
257,S139
257,S234
257,S235
257,S236
257,S237
257,S238
257,S239
257,S243
257,S244
257,S245
257,T035
257,T036
260,T117
260,T316
260,T351
260,T460
260,T488
261,T117
261,T316
261,T351
261,T419
261,T420
261,T460
261,T488
261,T594
265,T018
265,T316
265,T351
265,T419
265,T420
265,T460
265,T476
265,T594
267,T351
272,M243
272,S116
279,S088
279,T168
279,T430
279,T431
279,T432
279,T433
279,T556
281,T080
281,T082
281,T114
281,T432
282,T079
282,T082
282,T114
282,T432
285,T274
285,T275
285,T435
286,M047
286,M087
286,M088
286,M090
286,M093
286,M103
286,M104
286,S030
286,S133
286,S135
286,S156
286,S165
286,S166
286,S167
286,T621
286,T622
286,T623
287,S030
287,S043
287,S156
287,T621
287,T622
287,T623
287,T636
287,T637
288,S158
288,T439
288,T441
288,T442
288,T443
288,T544
290,M022
290,M023
290,M024
290,M031
290,M034
290,M035
290,M039
290,M040
290,M050
290,M054
290,M056
290,M057
290,M058
290,M059
290,M060
290,M061
290,M082
290,M115
290,M116
290,M263
290,M264
290,M265
290,M274
290,M275
290,M276
290,M277
290,M278
290,T088
290,T089
290,T188
290,T625
290,T651
290,T654
296,T064
298,S133
298,S165
298,S166
298,S167
298,T400
298,T401
303,M014
303,S036
303,S182
303,S257
303,S259
304,M131
304,M132
304,M215
304,M222
304,M254
304,T464
306,M215
306,M222
307,M215
307,S194
307,S196
308,M127
308,T003
308,T004
308,T080
308,T082
308,T335
308,T469
308,T541
309,T079
309,T080
309,T123
309,T469
309,T541
309,T640
310,M004
310,M005
310,M006
310,M007
310,M008
310,M009
310,M010
310,M011
310,M036
310,M037
310,M038
310,M115
310,M235
310,S023
310,S024
310,S025
310,S026
310,S114
310,S146
310,S148
310,S150
310,S152
310,S189
310,S190
310,S191
311,M004
311,M005
311,M006
311,M007
311,M008
311,M009
311,M010
311,M011
311,M036
311,M037
311,M038
311,M115
311,M235
311,S023
311,S024
311,S025
311,S026
311,S114
311,S146
311,S148
311,S150
311,S152
311,S189
311,S190
311,S191
311,T625
311,T649
311,T651
311,T654
313,S188
313,T024
313,T026
313,T147
313,T148
313,T379
313,T380
313,T482
313,T487
313,T504
313,T506
313,T569
313,T571
314,S181
314,S188
314,T024
314,T147
314,T351
314,T379
314,T482
314,T487
314,T488
314,T504
314,T569
317,S181
317,S188
317,T016
317,T024
317,T026
317,T147
317,T148
317,T379
317,T380
317,T482
317,T487
317,T504
317,T506
317,T569
317,T571
318,S181
318,S188
318,T016
318,T024
318,T026
318,T147
318,T148
318,T379
318,T380
318,T482
318,T487
318,T504
318,T506
318,T569
318,T571
320,M230
320,S181
320,S188
320,T024
320,T026
320,T147
320,T148
320,T379
320,T380
320,T504
320,T506
320,T569
320,T571
320,T660
320,T664
322,S104
322,S105
322,S106
322,S107
322,S108
322,S109
322,S110
322,S111
322,S112
322,T335
322,T362
322,T400
322,T401
324,T168
324,T188
324,T274
324,T353
324,T430
324,T435
324,T556
325,T023
325,T127
325,T188
325,T267
325,T544
330,S023
330,S024
330,S025
330,S026
330,S234
330,S235
330,S236
330,S237
330,S238
330,S239
330,S243
330,S244
330,S245
330,T035
330,T036
330,T400
330,T401
330,T444
330,T445
330,T576
330,T577
332,S139
333,S139
334,M216
334,S139
334,S234
334,S235
334,S236
334,S237
334,S238
334,S239
336,S076
337,S178
337,T250
338,S158
338,S160
338,T179
338,T194
338,T210
338,T309
338,T411
338,T437
338,T439
338,T441
338,T544
339,M127
339,T080
339,T082
340,M229
340,M245
340,T063
342,T163
342,T166
342,T451
342,T460
342,T511
342,T600
344,S104
344,S105
344,S106
344,S107
344,S108
344,S109
344,S110
344,S111
344,S112
344,T335
344,T362
344,T400
344,T401
345,M025
345,M026
345,M028
345,M029
345,M030
345,S031
345,S032
345,S033
345,S034
345,S035
345,S036
345,S037
345,S038
345,S039
345,S040
345,S041
345,S182
345,S214
345,S215
345,S247
351,S104
351,S105
351,S106
351,S107
351,S108
351,S109
351,S110
351,S111
351,S112
351,T363
351,T524
352,T082
352,T335
352,T363
352,T541
354,S104
354,S105
354,S106
354,S107
354,S108
354,S109
354,S110
354,S111
354,S112
354,T335
354,T363
354,T524
360,T082
360,T335
360,T541
361,T082
361,T335
361,T469
362,T082
362,T335
362,T469
364,M246
364,M248
364,S038
364,S259
366,M015
366,M064
366,M139
366,M140
366,S038
366,S182
366,S257
366,S259
367,M064
367,M139
367,M140
367,S038
367,S076
368,T335
368,T524
369,M127
369,M135
369,T524
373,S031
373,S032
373,S033
373,S034
373,S035
373,S036
373,S037
373,S038
373,S039
373,S040
373,S041
373,S042
373,S076
373,T075
373,T076
375,T016
375,T024
375,T147
375,T379
375,T504
375,T569
375,T660
375,T664
376,M125
376,S188
376,T016
376,T024
376,T147
376,T379
376,T504
376,T569
376,T660
376,T664
377,M230
377,T024
377,T147
377,T379
377,T504
377,T569
377,T660
377,T664
380,T316
380,T669
382,T020
382,T183
382,T477
383,M251
383,S096
383,T006
383,T018
383,T184
383,T406
383,T471
383,T476
383,T546
383,T579
384,S120
384,S121
384,T537
384,T538
386,T080
386,T082
386,T469
386,T541
389,S031
389,S032
389,S035
389,S036
389,S038
389,S039
389,S076
392,T064
392,T103
392,T419
392,T420
392,T594
393,S016
393,S017
393,S018
393,S019
393,S020
393,S021
393,S114
393,S156
393,S189
393,S190
393,S191
393,T088
393,T089
393,T095
393,T621
393,T622
393,T623
393,T636
393,T637
394,S023
394,S024
394,S025
394,S026
394,S043
394,S114
394,S189
394,S190
394,S191
395,T138
396,T139
398,S104
398,S105
398,S106
398,S107
398,S108
398,S109
398,S110
398,S111
398,S112
398,T107
398,T635
399,M242
399,S194
399,S196
402,M233
402,S198
404,S198
404,T552
404,T553
404,T607
404,T632
405,M068
405,M232
405,S130
405,T088
405,T089
407,T079
407,T113
407,T114
407,T432
407,T556
408,M068
408,S011
408,S126
408,S127
408,S128
408,S197
414,T552
414,T553
418,S104
418,S105
418,S106
418,S107
418,S108
418,S109
418,S110
418,S111
418,S112
423,T088
423,T089
424,S116
432,M016
432,S040
432,S182
432,S257
432,S259
434,M016
434,M142
434,M144
434,M231
434,S040
434,S076
436,M016
436,S040
436,S182
436,S257
436,S259
437,T574
442,T269
442,T274
442,T568
442,T584
442,T586
442,T587
442,T589
442,T607
442,T632
443,T290
443,T293
443,T588
443,T592
445,T290
445,T293
445,T588
448,T494
448,T515
448,T537
448,T607
449,T066
450,S096
450,T018
450,T476
450,T546
454,S139
454,S208
454,S209
456,T188
456,T274
456,T430
456,T556
457,T061
457,T188
457,T276
457,T582
459,T230
459,T355
459,T538
459,T602
459,T607
459,T610
459,T611
459,T612
459,T632
460,T341
460,T607
460,T632
460,T642
460,T654
460,T656
460,T668
460,T669
461,T441
461,T443
461,T603
461,T609
461,T614
461,T668
463,T230
463,T353
463,T355
463,T538
463,T602
463,T607
463,T610
463,T611
463,T612
463,T625
463,T632
464,T441
464,T443
464,T603
464,T609
464,T614
464,T668
465,T592
465,T602
465,T607
465,T612
469,T353
469,T607
469,T625
469,T632
469,T642
469,T651
470,T342
470,T363
470,T635
470,T656
471,T088
471,T089
471,T394
471,T535
471,T652
471,T656
479,S188
479,T024
479,T026
479,T147
479,T148
479,T379
479,T380
479,T504
479,T506
479,T569
479,T571
479,T660
479,T664
484,T168
484,T194
484,T316
486,M022
486,M023
486,M024
486,M031
486,M034
486,M035
486,M039
486,M040
486,M050
486,M054
486,M056
486,M057
486,M058
486,M059
486,M060
486,M061
486,M082
486,M115
486,M116
486,M263
486,M264
486,M265
486,M274
486,M275
486,M276
486,M277
486,M278
486,T088
486,T089
486,T188
486,T625
486,T651
486,T654
488,M022
488,M023
488,M031
488,M034
488,M035
488,M039
488,M040
488,M050
488,M052
488,M053
488,M054
488,M056
488,M057
488,M058
488,M059
488,M060
488,M061
488,M082
488,M112
488,M113
488,M114
488,M115
488,M116
488,M235
488,M263
488,M264
488,M265
488,M274
488,M275
488,M276
488,M277
488,M278
488,T088
488,T089
488,T188
488,T625
488,T649
488,T651
488,T654
489,T088
489,T089
489,T189
489,T394
489,T535
489,T636
489,T637
489,T652
490,M022
490,M023
490,M034
490,M035
490,M039
490,M040
490,M050
490,M052
490,M053
490,M054
490,M056
490,M057
490,M058
490,M059
490,M060
490,M061
490,M082
490,M112
490,M113
490,M114
490,M115
490,M116
490,M235
490,M274
490,M275
490,M276
490,M277
490,M278
490,T188
490,T625
490,T649
490,T651
490,T654
491,T107
491,T394
491,T627
491,T635
491,T668
492,T400
492,T401
493,T660
493,T664
494,S188
494,T128
494,T350
494,T488
495,T330
495,T333
495,T409
495,T602
495,T607
495,T612
496,T107
496,T627
496,T635
496,T652
496,T656
496,T668
498,T168
498,T574
499,T023
499,T127
499,T276
500,T003
500,T080
500,T082
502,T008
502,T020
502,T183
502,T408
502,T595
503,T006
503,T007
503,T321
503,T323
503,T594
503,T596
504,M125
504,M230
504,M237
504,S181
504,T026
504,T147
504,T148
504,T379
504,T380
504,T488
504,T504
504,T506
504,T569
504,T571
505,T013
505,T014
505,T160
505,T163
505,T166
507,S116
507,T468
508,S061
508,T468
509,T003
509,T080
509,T082
509,T123
509,T469
509,T541
511,S139
511,S214
511,S215
514,S031
514,S035
514,S036
514,S076
514,S182
514,S257
514,S259
516,M186
516,M187
516,M188
516,M189
516,M190
516,M191
516,S031
516,S035
516,S036
516,S076
520,S031
520,S035
520,S036
520,S182
520,S257
520,S259
523,T103
523,T117
523,T316
523,T446
523,T460
523,T594
524,T070
524,T321
525,T160
525,T163
525,T165
525,T166
525,T511
529,T068
529,T651
531,S028
531,S029
531,S043
531,S156
531,S202
532,M056
532,M057
532,M058
532,T335
532,T651
533,S008
533,S029
533,S229
533,T031
533,T256
533,T321
535,T033
535,T070
536,S008
536,S029
536,T031
536,T068
536,T651
537,T031
537,T117
537,T316
537,T460
540,S023
540,S114
540,T636
540,T637
541,T295
541,T316
541,T446
541,T460
541,T642
542,S114
542,S189
542,S190
542,S191
542,S233
542,T048
542,T049
543,T033
543,T070
543,T092
543,T099
543,T210
543,T213
543,T258
545,T042
545,T049
545,T054
545,T290
546,T046
546,T342
546,T635
546,T656
547,S114
547,T042
547,T049
547,T054
547,T290
549,S234
549,S235
549,S236
549,S237
549,S238
549,S239
549,S244
550,S139
550,S234
550,S235
550,S236
550,S237
550,S238
550,S239
552,M215
552,S153
552,S154
552,T464
556,T066
556,T487
557,S006
557,T064
557,T480
558,T335
558,T640
560,T033
560,T070
560,T099
560,T119
560,T210
560,T213
566,T001
566,T079
566,T082
566,T120
566,T468
566,T541
567,S076
567,S257
567,S259
567,T076
568,M127
568,M135
568,M136
568,T652
569,M022
569,M023
569,M034
569,M035
569,M039
569,M040
569,M050
569,M052
569,M053
569,M054
569,M056
569,M057
569,M058
569,M059
569,M060
569,M061
569,M082
569,M112
569,M113
569,M114
569,M115
569,M116
569,M263
569,M264
569,M265
569,M274
569,M275
569,M276
569,M277
569,M278
569,T088
569,T089
569,T651
569,T654
570,M022
570,M023
570,M031
570,M034
570,M035
570,M039
570,M040
570,M050
570,M052
570,M053
570,M054
570,M056
570,M057
570,M058
570,M059
570,M060
570,M061
570,M082
570,M112
570,M113
570,M114
570,M115
570,M116
570,M263
570,M264
570,M265
570,M274
570,M275
570,M276
570,M277
570,M278
570,T088
570,T089
570,T188
570,T625
570,T651
570,T654
574,M127
574,M135
574,T335
574,T468
574,T541
575,M127
575,M133
575,T001
575,T080
575,T082
575,T468
575,T541
575,T640
576,M050
576,M256
576,T643
576,T652
578,M050
578,M082
578,M115
578,M133
578,T088
578,T089
578,T335
578,T627
578,T636
578,T637
578,T652
579,T085
579,T290
579,T293
579,T412
580,T290
580,T412
580,T592
580,T603
582,T080
582,T113
582,T299
582,T521
582,T522
588,T068
588,T097
588,T100
588,T208
588,T212
590,T033
590,T070
590,T099
590,T210
590,T213
591,S133
591,S165
591,S166
591,S167
591,T400
591,T401
591,T651
592,M247
592,S139
592,S234
593,T207
593,T261
593,T264
593,T588
596,T432
596,T519
596,T556
598,T003
598,T004
598,T123
598,T265
598,T267
598,T373
598,T375
606,M125
606,T147
606,T504
606,T569
606,T660
606,T664
607,S114
607,T129
607,T412
607,T592
609,M142
609,M144
609,M231
609,S031
609,S035
609,S036
609,S076
611,T344
611,T346
612,T139
615,M177
615,M178
615,M179
615,M180
615,M186
615,M187
615,M188
615,M189
615,M190
615,M191
616,M177
616,M178
616,M179
616,M180
616,M186
616,M187
616,M188
616,M189
616,M190
616,M191
622,S031
622,S035
622,S036
622,S076
622,S261
623,S031
623,S035
623,S036
623,S076
623,S261
624,T150
624,T151
624,T153
624,T568
626,S137
626,S185
626,S204
627,T155
629,S081
629,S082
629,S162
629,S187
629,S249
630,M240
630,S081
630,S082
630,S249
630,T669
631,T160
631,T161
631,T163
631,T165
631,T166
631,T511
633,M215
633,M239
633,M240
633,S012
633,S153
633,S154
633,T464
634,T160
634,T161
634,T163
634,T165
634,T166
634,T511
635,T163
635,T165
635,T166
635,T451
635,T460
636,M064
636,S122
636,S202
636,T088
636,T089
636,T535
639,S028
639,S030
639,S043
639,S122
639,S124
639,S156
639,S202
643,S031
643,S035
643,S036
643,S076
643,S257
643,S259
644,M230
644,M237
644,T016
644,T147
644,T379
644,T504
644,T569
645,M237
645,T016
645,T026
645,T147
645,T148
645,T379
645,T380
645,T504
645,T506
645,T569
645,T571
645,T660
645,T664
646,M122
646,S100
646,T128
646,T180
646,T346
647,T317
647,T412
647,T439
647,T441
647,T442
647,T443
647,T461
647,T516
647,T544
648,T103
648,T117
648,T168
648,T169
648,T181
648,T350
648,T460
648,T544
648,T601
649,T103
649,T117
649,T168
649,T172
649,T175
649,T316
649,T460
652,T119
652,T317
652,T448
652,T461
653,T103
653,T117
653,T316
653,T419
653,T420
653,T446
653,T460
653,T594
654,T103
654,T117
654,T316
654,T446
654,T460
654,T594
656,M097
656,T005
656,T080
656,T082
656,T498
656,T616
657,M097
657,S274
657,T006
657,T080
657,T082
657,T217
657,T499
657,T616
658,M068
658,S126
658,S127
658,S128
658,T411
658,T413
658,T460
659,T119
659,T317
659,T448
659,T461
660,T001
660,T082
660,T468
661,T103
661,T117
661,T168
661,T169
661,T181
661,T350
661,T460
661,T544
661,T601
662,M047
662,M079
662,M080
662,M081
662,M087
662,M088
662,M090
662,M093
662,M103
662,M104
662,M105
662,M106
662,M107
662,M108
662,M202
662,M203
662,M210
662,M211
662,S030
662,S133
662,S135
662,S156
662,S165
662,S166
662,S167
662,T621
662,T622
663,M243
663,S116
666,T541
666,T636
666,T637
666,T651
10001,M129
10001,S088
10001,S094
10001,S096
10001,T420
10001,T476
10001,T488
10001,T546
10003,S078
10003,S199
10003,S201
10003,S249
10003,T511
10007,M064
10007,M121
10007,M139
10007,M140
10007,M257
10007,M258
10007,S031
10007,S032
10007,S033
10007,S034
10007,S035
10007,S036
10007,S037
10007,S038
10007,S039
10007,S040
10007,S041
10007,S042
10007,S114
10007,T075
10007,T076
10008,M127
10008,T080
10008,T468
10008,T541
10009,M232
10009,S189
10009,S190
10009,S191
10010,T168
10010,T181
10010,T344
10011,M212
10011,M213
10011,T003
10011,T080
10011,T082
10011,T123
10011,T469
10011,T541
10012,S118
10012,S119
10014,M242
10014,S194
10014,S196
10015,S158
10015,S160
10015,T179
10015,T194
10015,T411
10015,T437
10015,T439
10015,T441
10015,T544
10016,S179
10016,S180
10017,S119
10017,T359
10017,T493
10017,T494
10017,T496
10017,T516
10018,T079
10018,T223
10018,T469
10018,T500
10019,T652
10019,T656
10020,M215
10020,M236
10020,S194
10020,S196
10024,T079
10024,T217
10024,T468
10024,T499
10024,T616
10025,M204
10025,M259
10025,M260
10025,T394
10025,T541
10025,T636
10025,T637
10025,T652
10026,M186
10026,M187
10026,M188
10026,M189
10026,M190
10026,M191
10026,M225
10026,T088
10026,T089
10027,S139
10027,S153
10027,S154
10027,S183
10027,S194
10027,S196
10027,S212
10027,S213
10028,M032
10028,M033
10028,M050
10028,M256
10028,T088
10028,T089
10028,T541
10028,T636
10028,T637
10028,T648
10028,T652
10029,S031
10029,S035
10029,S036
10029,S076
10029,S261
10030,S044
10030,S045
10030,S046
10030,S047
10030,S048
10030,S049
10030,S050
10030,S051
10030,S052
10030,S053
10030,S054
10030,S055
10030,S056
10030,S057
10030,S058
10030,S059
10030,S060
10030,S061
10030,S062
10030,S063
10030,S064
10030,S065
10030,S066
10030,S067
10030,S068
10030,S069
10030,S070
10030,S071
10030,S072
10030,S074
10030,S116
10031,M127
10031,M135
10031,M136
10031,T075
10031,T076
10031,T335
10032,S139
10034,M142
10034,M144
10034,M231
10034,S031
10034,S035
10034,S036
10035,M186
10035,M187
10035,M188
10035,M189
10035,M190
10035,M191
10035,S031
10035,S035
10035,S036
10036,T082
10036,T394
10036,T627
10036,T652
10036,T656
10037,T012
10038,T151
10038,T175
10038,T253
10038,T274
10038,T330
10038,T607
10038,T654
10039,S153
10039,S154
10039,S183
10039,S194
10039,S196
10039,S201
10039,S212
10039,S213
10040,M126
10040,T079
10040,T343
10040,T344
10040,T345
10040,T346
10041,S078
10041,S153
10041,S154
10041,S201
10043,M025
10043,M026
10043,M027
10043,M028
10043,M029
10043,M030
10043,M124
10043,S139
10045,M227
10045,S237
10045,S238
10045,S239
10045,S243
10045,S244
10045,S245
10045,T576
10045,T577
10046,M227
10046,S237
10046,S238
10046,S239
10046,S243
10046,S244
10046,S245
10046,T576
10046,T577
10047,S031
10047,S032
10047,S033
10047,S034
10047,S035
10047,S036
10047,S037
10047,S038
10047,S039
10047,S040
10047,S041
10047,S042
10047,S076
10048,T060
10048,T073
10048,T202
10048,T206
10048,T241
10048,T307
10048,T312
10048,T358
10048,T411
10048,T439
10048,T441
10048,T515
10048,T528
10048,T568
10048,T581
10048,T587
10048,T645
10049,T241
10049,T367
10049,T369
10049,T515
10049,T568
10050,T110
10050,T196
10050,T226
10050,T243
10050,T369
10050,T439
10050,T441
10050,T442
10050,T443
10050,T516
10050,T533
10051,S174
10051,T070
10051,T165
10051,T533
10051,T600
10052,M086
10052,S078
10052,S201
10115,M025
10115,M026
10115,M027
10115,M028
10115,M029
10115,M030
10115,S214
10115,S215
10116,T330
10116,T333
10116,T409
10116,T424
10116,T568
10116,T607
10116,T632
10116,T651
10116,T654
10117,M022
10117,M023
10117,M024
10117,M031
10117,M034
10117,M035
10117,M039
10117,M040
10117,M050
10117,M054
10117,M056
10117,M057
10117,M058
10117,M059
10117,M060
10117,M061
10117,M082
10117,M115
10117,M116
10117,M263
10117,M264
10117,M265
10117,M274
10117,M275
10117,M276
10117,M277
10117,M278
10117,T088
10117,T089
10117,T188
10117,T625
10117,T651
10117,T654
10118,M022
10118,M023
10118,M024
10118,M032
10118,M033
10118,M034
10118,M035
10118,M039
10118,M040
10118,M050
10118,M052
10118,M053
10118,M054
10118,M056
10118,M057
10118,M058
10118,M059
10118,M060
10118,M061
10118,M082
10118,M115
10118,M116
10118,M263
10118,M264
10118,M265
10118,M274
10118,M275
10118,M276
10118,M277
10118,M278
10118,T088
10118,T089
10118,T188
10118,T625
10118,T651
10118,T654
10119,M059
10119,M235
10119,T649
10120,S006
10120,T064
10120,T419
10139,S008
10139,S023
10139,S024
10139,S025
10139,S026
10139,S114
10139,S133
10139,S189
10139,S190
10139,S191
10139,T394
10139,T621
10139,T622
10139,T623
10139,T636
10139,T637
10140,T079
10140,T082
10140,T469
10140,T541
10141,S008
10141,S023
10141,S024
10141,S025
10141,S026
10141,S028
10141,S030
10141,S043
10141,S114
10141,S133
10141,S135
10141,S156
10141,S165
10141,S166
10141,S167
10141,T075
10141,T076
10141,T400
10141,T401
10141,T444
10141,T445
10141,T621
10141,T622
10141,T623
10141,T636
10141,T637
10141,T638
10142,T097
10142,T151
10142,T168
10142,T181
10142,T217
10142,T274
10142,T537
10142,T568
10142,T587
10142,T607
10142,T632
10142,T651
10142,T654
10143,M121
10143,M257
10143,M258
10143,T400
10143,T401
10145,M220
10147,M209
10147,T155
10147,T276
10147,T609
10147,T656
10148,S023
10148,S024
10148,S025
10148,S026
10148,S043
10148,S114
10148,S189
10148,S190
10148,S191
10149,T001
10149,T079
10149,T082
10149,T468
10149,T500
10149,T541
10150,M127
10150,M135
10150,T335
10150,T468
10152,S078
10152,S153
10152,S154
10152,S201
10153,T353
10153,T354
10153,T412
10153,T634
10153,T635
10154,S030
10154,S043
10154,S156
10154,T621
10154,T622
10154,T623
10154,T636
10154,T637
10156,M078
10156,T079
10156,T113
10156,T114
10156,T556
10157,S031
10157,S035
10157,S036
10157,S076
10157,S257
10157,S259
21001,M022
21001,M023
21001,M034
21001,M035
21001,M039
21001,M040
21001,M050
21001,M052
21001,M053
21001,M054
21001,M056
21001,M057
21001,M058
21001,M059
21001,M060
21001,M061
21001,M082
21001,M112
21001,M113
21001,M114
21001,M115
21001,M116
21001,M235
21001,M263
21001,M264
21001,M265
21001,M274
21001,M275
21001,M276
21001,M277
21001,M278
21001,T188
21001,T625
21001,T649
21001,T651
21001,T654
21004,S104
21004,S105
21004,S106
21004,S107
21004,S108
21004,S109
21004,S110
21004,S111
21004,S112
21004,T075
21004,T076
21004,T335
21004,T363
21005,S031
21005,S032
21005,S033
21005,S034
21005,S035
21005,S036
21005,S037
21005,S038
21005,S039
21005,S040
21005,S041
21005,S042
21005,S076
21005,T075
21005,T076
21006,T126
21006,T200
21006,T202
21006,T206
21006,T242
21006,T270
21006,T274
21006,T275
21006,T279
21006,T531
21006,T568
21006,T587
21007,S349
21008,S349
21009,S114
21009,S189
21009,S190
21009,S191
21010,T350
21010,T419
21010,T420
21010,T575
21011,S104
21011,S105
21011,S106
21011,S107
21011,S108
21011,S109
21011,S110
21011,S111
21011,S112
21011,T082
21011,T335
21011,T363
21013,S076
21013,S139
21013,S243
21013,S244
21013,S245
21013,T400
21013,T401
21014,S172
21014,S173
21014,T450
21014,T451
21014,T453
21014,T508
21014,T511
21015,T003
21015,T080
21015,T082
21015,T267
21015,T325
21015,T469
21015,T541
21016,T018
21016,T351
21016,T471
21016,T476
21016,T546
21017,S023
21017,S024
21017,S025
21017,S026
21017,S043
21017,S114
21017,S189
21017,S190
21017,S191
21018,S023
21018,S024
21018,S025
21018,S026
21018,S043
21018,S114
21018,S189
21018,S190
21018,S191
21019,S116
21019,T468
21020,M068
21020,S011
21020,S165
21020,S166
21020,S167
21020,S197
21020,T259
21020,T400
21020,T401
21020,T651
21021,S061
21021,T469
21022,M050
21022,M204
21022,M259
21022,M260
21022,T082
21022,T088
21022,T089
21022,T636
21022,T637
21022,T652
21023,T394
21023,T572
21023,T627
21023,T628
21023,T652
21023,T656
21024,M215
21024,S210
21024,S211
21025,T113
21025,T114
21025,T432
21026,T168
21026,T172
21026,T181
21026,T544
21027,M004
21027,M005
21027,M006
21027,M007
21027,M235
21027,S023
21027,S024
21027,S025
21027,S026
21027,S114
21027,S146
21027,S148
21027,S150
21027,S152
21027,S189
21027,S190
21027,S191
